date,machine_id,cycle_time,downtime,production_count
2023-01-01,M1,11.5,2.45,195
2023-01-01,M2,15.93,1.6,259
2023-01-01,M3,8.62,0.66,323
2023-01-01,M4,16.23,3.37,351
2023-01-01,M5,14.4,2.71,412
2023-01-01,M6,11.08,2.27,472
2023-01-02,M1,13.33,1.71,202
2023-01-02,M2,13.73,1.18,263
2023-01-02,M3,9.22,1.02,319
2023-01-02,M4,17.73,2.79,357
2023-01-02,M5,14.45,2.14,418
2023-01-02,M6,12.17,1.67,478
2023-01-03,M1,11.82,2.29,197
2023-01-03,M2,13.8,1.51,259
2023-01-03,M3,10.37,0.55,324
2023-01-03,M4,18.43,2.67,358
2023-01-03,M5,12.26,2.95,410
2023-01-03,M6,14.86,2.11,473
2023-01-04,M1,11.22,1.6,204
2023-01-04,M2,15.74,1.44,260
2023-01-04,M3,8.49,1.0,320
2023-01-04,M4,16.14,3.41,350
2023-01-04,M5,13.04,2.66,413
2023-01-04,M6,12.25,1.82,476
2023-01-05,M1,12.19,1.68,203
2023-01-05,M2,16.88,1.78,257
2023-01-05,M3,11.76,1.39,316
2023-01-05,M4,18.39,3.42,350
2023-01-05,M5,12.35,2.2,418
2023-01-05,M6,11.18,1.63,478
2023-01-06,M1,11.55,1.77,162
2023-01-06,M2,16.31,1.36,211
2023-01-06,M3,9.12,1.04,259
2023-01-06,M4,16.56,3.3,281
2023-01-06,M5,12.3,2.99,330
2023-01-06,M6,14.09,1.5,390
2023-01-07,M1,10.02,2.32,156
2023-01-07,M2,15.83,1.73,207
2023-01-07,M3,11.09,0.57,264
2023-01-07,M4,17.43,2.62,288
2023-01-07,M5,15.45,2.62,333
2023-01-07,M6,12.32,1.36,391
2023-01-08,M1,11.24,1.83,201
2023-01-08,M2,15.92,1.64,258
2023-01-08,M3,11.55,0.97,320
2023-01-08,M4,16.48,3.21,352
2023-01-08,M5,15.04,2.56,414
2023-01-08,M6,14.08,1.79,477
2023-01-09,M1,12.09,1.93,200
2023-01-09,M2,13.1,1.11,263
2023-01-09,M3,8.13,1.14,318
2023-01-09,M4,17.26,3.01,354
2023-01-09,M5,15.63,2.25,417
2023-01-09,M6,12.64,2.06,474
2023-01-10,M1,10.92,1.58,204
2023-01-10,M2,14.16,1.16,263
2023-01-10,M3,11.72,1.31,316
2023-01-10,M4,18.53,3.37,351
2023-01-10,M5,15.21,2.19,418
2023-01-10,M6,14.57,1.84,476
2023-01-11,M1,13.23,2.4,196
2023-01-11,M2,14.27,1.11,263
2023-01-11,M3,8.91,0.93,320
2023-01-11,M4,19.27,3.36,351
2023-01-11,M5,12.03,2.51,414
2023-01-11,M6,12.67,1.52,479
2023-01-12,M1,10.48,1.84,201
2023-01-12,M2,16.77,1.32,261
2023-01-12,M3,10.08,1.2,317
2023-01-12,M4,17.45,3.47,350
2023-01-12,M5,15.85,2.25,417
2023-01-12,M6,12.99,1.6,478
2023-01-13,M1,11.14,1.54,164
2023-01-13,M2,15.44,1.5,209
2023-01-13,M3,8.21,0.78,262
2023-01-13,M4,19.63,2.74,287
2023-01-13,M5,12.58,2.49,335
2023-01-13,M6,14.94,1.54,389
2023-01-14,M1,12.69,2.26,157
2023-01-14,M2,13.95,1.73,207
2023-01-14,M3,9.47,1.13,258
2023-01-14,M4,18.53,3.04,284
2023-01-14,M5,12.36,2.84,331
2023-01-14,M6,12.28,1.49,390
2023-01-15,M1,10.16,2.09,199
2023-01-15,M2,15.71,1.02,264
2023-01-15,M3,10.05,0.73,322
2023-01-15,M4,18.58,2.67,358
2023-01-15,M5,14.76,2.39,416
2023-01-15,M6,14.75,1.44,480
2023-01-16,M1,11.36,1.61,203
2023-01-16,M2,16.7,1.88,256
2023-01-16,M3,9.03,1.16,318
2023-01-16,M4,19.27,3.06,354
2023-01-16,M5,14.12,2.24,417
2023-01-16,M6,11.37,2.2,473
2023-01-17,M1,13.6,2.13,198
2023-01-17,M2,14.36,1.35,261
2023-01-17,M3,10.9,1.4,316
2023-01-17,M4,19.55,3.28,352
2023-01-17,M5,14.57,2.08,419
2023-01-17,M6,11.65,2.2,473
2023-01-18,M1,12.43,1.51,204
2023-01-18,M2,13.41,1.66,258
2023-01-18,M3,8.02,0.66,323
2023-01-18,M4,18.19,3.19,353
2023-01-18,M5,14.61,2.22,417
2023-01-18,M6,13.85,1.54,479
2023-01-19,M1,11.3,2.25,197
2023-01-19,M2,15.6,1.85,256
2023-01-19,M3,10.63,1.07,319
2023-01-19,M4,16.37,2.87,356
2023-01-19,M5,13.06,2.24,417
2023-01-19,M6,14.89,1.69,478
2023-01-20,M1,13.57,2.13,158
2023-01-20,M2,16.18,1.5,209
2023-01-20,M3,10.31,0.99,260
2023-01-20,M4,16.78,3.22,282
2023-01-20,M5,13.12,2.02,339
2023-01-20,M6,13.58,1.48,390
2023-01-21,M1,13.76,2.45,155
2023-01-21,M2,16.66,1.37,211
2023-01-21,M3,8.06,1.43,255
2023-01-21,M4,17.71,3.47,280
2023-01-21,M5,15.85,2.85,331
2023-01-21,M6,12.18,1.69,388
2023-01-22,M1,13.4,1.82,201
2023-01-22,M2,13.68,1.56,259
2023-01-22,M3,11.74,1.2,318
2023-01-22,M4,18.28,2.6,359
2023-01-22,M5,14.46,2.99,410
2023-01-22,M6,11.56,1.82,476
2023-01-23,M1,13.51,2.24,197
2023-01-23,M2,15.79,1.7,257
2023-01-23,M3,9.44,0.79,322
2023-01-23,M4,19.24,3.31,351
2023-01-23,M5,15.47,2.91,410
2023-01-23,M6,13.05,1.8,476
2023-01-24,M1,13.19,2.15,198
2023-01-24,M2,15.81,1.8,257
2023-01-24,M3,11.56,0.84,321
2023-01-24,M4,17.5,2.59,359
2023-01-24,M5,14.31,2.04,419
2023-01-24,M6,12.86,1.84,476
2023-01-25,M1,11.15,2.09,199
2023-01-25,M2,13.12,1.04,264
2023-01-25,M3,11.29,0.86,321
2023-01-25,M4,16.51,3.02,354
2023-01-25,M5,15.08,2.22,417
2023-01-25,M6,13.49,1.39,481
2023-01-26,M1,10.21,2.03,199
2023-01-26,M2,15.16,1.64,258
2023-01-26,M3,10.9,1.48,315
2023-01-26,M4,18.07,2.82,356
2023-01-26,M5,15.18,2.27,417
2023-01-26,M6,12.76,1.38,481
2023-01-27,M1,10.1,2.46,155
2023-01-27,M2,16.34,1.7,208
2023-01-27,M3,9.64,0.67,263
2023-01-27,M4,16.63,2.75,287
2023-01-27,M5,14.2,2.71,332
2023-01-27,M6,13.64,1.58,389
2023-01-28,M1,13.82,2.24,157
2023-01-28,M2,15.22,1.61,208
2023-01-28,M3,9.68,0.75,262
2023-01-28,M4,17.42,3.26,282
2023-01-28,M5,12.06,2.12,338
2023-01-28,M6,11.18,1.34,391
2023-01-29,M1,13.42,2.2,197
2023-01-29,M2,14.9,1.1,264
2023-01-29,M3,9.97,0.97,320
2023-01-29,M4,16.69,2.93,355
2023-01-29,M5,13.59,2.62,413
2023-01-29,M6,13.54,1.35,481
2023-01-30,M1,11.5,2.13,198
2023-01-30,M2,15.01,1.86,256
2023-01-30,M3,10.63,0.66,323
2023-01-30,M4,16.28,3.14,353
2023-01-30,M5,12.11,2.59,414
2023-01-30,M6,14.76,1.88,476
2023-01-31,M1,11.55,2.14,198
2023-01-31,M2,14.83,1.55,259
2023-01-31,M3,11.77,0.89,321
2023-01-31,M4,19.84,3.41,350
2023-01-31,M5,12.78,2.07,419
2023-01-31,M6,11.4,1.32,481
2023-02-01,M1,10.38,2.18,198
2023-02-01,M2,13.28,1.32,261
2023-02-01,M3,11.38,0.52,324
2023-02-01,M4,19.26,2.78,357
2023-02-01,M5,12.47,2.7,413
2023-02-01,M6,13.52,2.18,473
2023-02-02,M1,12.94,2.3,196
2023-02-02,M2,14.13,1.18,263
2023-02-02,M3,11.0,1.31,316
2023-02-02,M4,19.96,2.91,355
2023-02-02,M5,13.49,2.78,412
2023-02-02,M6,12.36,2.23,472
2023-02-03,M1,13.43,1.93,160
2023-02-03,M2,16.0,1.75,207
2023-02-03,M3,8.41,1.4,255
2023-02-03,M4,18.02,3.33,281
2023-02-03,M5,13.28,2.9,331
2023-02-03,M6,12.56,1.31,391
2023-02-04,M1,13.62,1.59,164
2023-02-04,M2,14.28,1.95,205
2023-02-04,M3,11.8,1.07,259
2023-02-04,M4,18.53,2.95,285
2023-02-04,M5,13.17,2.33,336
2023-02-04,M6,13.69,2.05,384
2023-02-05,M1,13.17,2.29,197
2023-02-05,M2,13.36,1.49,260
2023-02-05,M3,8.23,1.05,319
2023-02-05,M4,17.77,3.39,351
2023-02-05,M5,13.4,2.12,418
2023-02-05,M6,11.57,2.06,474
2023-02-06,M1,12.47,1.6,203
2023-02-06,M2,13.34,1.7,257
2023-02-06,M3,8.29,1.32,316
2023-02-06,M4,18.82,2.58,359
2023-02-06,M5,12.34,2.99,410
2023-02-06,M6,12.5,1.67,478
2023-02-07,M1,13.25,2.45,195
2023-02-07,M2,16.94,1.75,257
2023-02-07,M3,9.51,0.58,324
2023-02-07,M4,19.11,3.06,354
2023-02-07,M5,13.7,2.91,410
2023-02-07,M6,11.44,1.79,477
2023-02-08,M1,10.05,1.97,200
2023-02-08,M2,13.23,1.12,263
2023-02-08,M3,8.47,1.15,318
2023-02-08,M4,18.98,3.08,354
2023-02-08,M5,15.85,2.37,416
2023-02-08,M6,12.14,2.17,473
2023-02-09,M1,10.89,2.46,195
2023-02-09,M2,13.05,1.97,255
2023-02-09,M3,8.17,1.39,316
2023-02-09,M4,18.11,3.49,350
2023-02-09,M5,12.3,2.55,414
2023-02-09,M6,14.88,1.82,476
2023-02-10,M1,12.52,2.2,158
2023-02-10,M2,14.82,1.63,208
2023-02-10,M3,10.34,1.4,255
2023-02-10,M4,16.18,2.78,287
2023-02-10,M5,15.8,2.89,331
2023-02-10,M6,12.82,1.92,385
2023-02-11,M1,11.11,1.69,163
2023-02-11,M2,14.85,1.35,211
2023-02-11,M3,10.33,0.58,264
2023-02-11,M4,19.9,3.49,280
2023-02-11,M5,14.79,2.54,334
2023-02-11,M6,12.24,2.11,383
2023-02-12,M1,12.74,1.66,203
2023-02-12,M2,16.64,1.82,256
2023-02-12,M3,11.8,1.23,317
2023-02-12,M4,18.45,2.92,355
2023-02-12,M5,15.73,2.87,411
2023-02-12,M6,11.18,1.33,481
2023-02-13,M1,11.51,2.31,196
2023-02-13,M2,16.95,1.15,263
2023-02-13,M3,10.38,0.88,321
2023-02-13,M4,19.88,3.34,351
2023-02-13,M5,15.35,2.47,415
2023-02-13,M6,12.66,1.57,479
2023-02-14,M1,10.23,2.36,196
2023-02-14,M2,16.25,2.0,255
2023-02-14,M3,11.99,1.06,319
2023-02-14,M4,19.08,3.44,350
2023-02-14,M5,15.4,2.25,417
2023-02-14,M6,12.8,1.43,480
2023-02-15,M1,13.82,2.11,198
2023-02-15,M2,13.91,1.67,258
2023-02-15,M3,10.47,0.86,321
2023-02-15,M4,16.45,3.17,353
2023-02-15,M5,14.08,2.77,412
2023-02-15,M6,13.08,2.15,473
2023-02-16,M1,12.21,2.06,199
2023-02-16,M2,16.51,1.4,260
2023-02-16,M3,8.54,0.53,324
2023-02-16,M4,19.02,3.12,353
2023-02-16,M5,14.82,2.21,417
2023-02-16,M6,11.55,1.31,481
2023-02-17,M1,11.4,2.09,159
2023-02-17,M2,14.57,1.44,210
2023-02-17,M3,11.62,0.85,261
2023-02-17,M4,18.06,3.28,282
2023-02-17,M5,13.59,2.62,333
2023-02-17,M6,14.45,2.25,382
2023-02-18,M1,10.59,2.43,155
2023-02-18,M2,14.97,1.26,212
2023-02-18,M3,9.84,1.48,255
2023-02-18,M4,17.97,2.83,286
2023-02-18,M5,14.53,2.24,337
2023-02-18,M6,11.3,1.43,390
2023-02-19,M1,10.51,1.65,203
2023-02-19,M2,13.56,1.64,258
2023-02-19,M3,8.73,0.85,321
2023-02-19,M4,19.59,2.97,355
2023-02-19,M5,14.67,2.17,418
2023-02-19,M6,11.77,1.34,481
2023-02-20,M1,10.68,1.78,202
2023-02-20,M2,13.71,1.09,264
2023-02-20,M3,8.48,0.96,320
2023-02-20,M4,16.83,2.86,356
2023-02-20,M5,14.01,2.69,413
2023-02-20,M6,11.16,2.1,474
2023-02-21,M1,12.51,1.58,204
2023-02-21,M2,16.49,1.92,255
2023-02-21,M3,8.24,0.78,322
2023-02-21,M4,19.22,3.25,352
2023-02-21,M5,12.74,2.21,417
2023-02-21,M6,12.48,1.78,477
2023-02-22,M1,12.47,1.87,201
2023-02-22,M2,14.85,1.75,257
2023-02-22,M3,8.15,0.75,322
2023-02-22,M4,18.85,3.4,351
2023-02-22,M5,14.05,2.53,414
2023-02-22,M6,11.43,1.75,477
2023-02-23,M1,12.13,1.74,202
2023-02-23,M2,14.08,1.38,261
2023-02-23,M3,8.08,0.82,321
2023-02-23,M4,16.85,2.83,356
2023-02-23,M5,12.48,2.89,411
2023-02-23,M6,13.37,1.98,475
2023-02-24,M1,13.16,2.0,160
2023-02-24,M2,13.35,1.54,209
2023-02-24,M3,10.35,1.25,257
2023-02-24,M4,17.73,2.63,288
2023-02-24,M5,13.14,2.36,336
2023-02-24,M6,13.58,1.87,386
2023-02-25,M1,11.42,2.49,155
2023-02-25,M2,15.42,1.24,212
2023-02-25,M3,8.41,0.65,263
2023-02-25,M4,16.98,2.66,288
2023-02-25,M5,12.75,2.29,337
2023-02-25,M6,11.69,2.2,383
2023-02-26,M1,10.32,2.02,199
2023-02-26,M2,14.64,1.98,255
2023-02-26,M3,8.45,0.9,321
2023-02-26,M4,19.88,3.37,351
2023-02-26,M5,15.27,2.26,417
2023-02-26,M6,11.68,1.97,475
2023-02-27,M1,13.72,2.06,199
2023-02-27,M2,15.29,1.28,262
2023-02-27,M3,11.08,0.69,323
2023-02-27,M4,17.29,2.93,355
2023-02-27,M5,14.03,2.24,417
2023-02-27,M6,11.46,1.91,475
2023-02-28,M1,11.15,2.08,199
2023-02-28,M2,13.62,1.48,260
2023-02-28,M3,10.13,0.55,324
2023-02-28,M4,17.35,2.63,358
2023-02-28,M5,12.25,2.99,410
2023-02-28,M6,12.29,2.11,473
2023-03-01,M1,11.02,2.18,198
2023-03-01,M2,16.04,1.6,259
2023-03-01,M3,9.89,0.91,320
2023-03-01,M4,17.4,3.43,350
2023-03-01,M5,15.32,2.97,410
2023-03-01,M6,11.5,2.03,474
2023-03-02,M1,13.75,1.68,203
2023-03-02,M2,13.27,1.74,257
2023-03-02,M3,10.3,1.34,316
2023-03-02,M4,16.56,3.3,352
2023-03-02,M5,12.81,2.16,418
2023-03-02,M6,11.66,2.11,473
2023-03-03,M1,12.66,2.02,159
2023-03-03,M2,14.44,1.88,206
2023-03-03,M3,9.57,1.32,256
2023-03-03,M4,17.76,2.88,286
2023-03-03,M5,13.85,2.3,336
2023-03-03,M6,13.99,1.8,386
2023-03-04,M1,10.93,2.4,156
2023-03-04,M2,14.54,1.54,209
2023-03-04,M3,11.63,1.12,258
2023-03-04,M4,16.47,3.44,280
2023-03-04,M5,14.51,2.33,336
2023-03-04,M6,11.56,2.09,384
2023-03-05,M1,12.48,2.03,199
2023-03-05,M2,16.58,1.79,257
2023-03-05,M3,8.61,0.81,321
2023-03-05,M4,16.99,3.24,352
2023-03-05,M5,12.13,2.57,414
2023-03-05,M6,14.05,2.18,473
2023-03-06,M1,11.37,2.32,196
2023-03-06,M2,13.44,1.85,256
2023-03-06,M3,8.51,0.9,321
2023-03-06,M4,19.19,2.65,358
2023-03-06,M5,12.92,2.72,412
2023-03-06,M6,13.88,1.94,475
2023-03-07,M1,12.78,2.04,199
2023-03-07,M2,14.01,1.35,261
2023-03-07,M3,8.73,1.41,315
2023-03-07,M4,18.33,2.9,355
2023-03-07,M5,13.85,2.95,410
2023-03-07,M6,11.61,1.89,476
2023-03-08,M1,12.02,2.11,198
2023-03-08,M2,13.07,1.87,256
2023-03-08,M3,11.73,1.07,319
2023-03-08,M4,18.79,3.42,350
2023-03-08,M5,14.83,2.15,418
2023-03-08,M6,13.31,1.91,475
2023-03-09,M1,11.7,2.24,197
2023-03-09,M2,16.74,1.93,255
2023-03-09,M3,9.8,0.61,323
2023-03-09,M4,19.94,3.34,351
2023-03-09,M5,12.5,2.92,410
2023-03-09,M6,14.48,1.82,476
2023-03-10,M1,12.37,1.9,161
2023-03-10,M2,13.22,1.34,211
2023-03-10,M3,11.21,0.5,264
2023-03-10,M4,17.33,2.9,286
2023-03-10,M5,14.15,2.92,330
2023-03-10,M6,12.39,1.65,388
2023-03-11,M1,12.95,1.95,160
2023-03-11,M2,13.9,1.45,210
2023-03-11,M3,8.56,0.68,263
2023-03-11,M4,17.99,2.92,285
2023-03-11,M5,15.66,2.36,336
2023-03-11,M6,13.32,1.93,385
2023-03-12,M1,10.05,2.16,198
2023-03-12,M2,13.71,1.96,255
2023-03-12,M3,8.59,0.91,320
2023-03-12,M4,16.34,3.5,350
2023-03-12,M5,14.01,2.6,414
2023-03-12,M6,11.27,2.05,474
2023-03-13,M1,10.84,2.4,196
2023-03-13,M2,13.82,1.19,263
2023-03-13,M3,8.15,0.97,320
2023-03-13,M4,18.26,2.57,359
2023-03-13,M5,15.1,2.45,415
2023-03-13,M6,13.1,1.74,477
2023-03-14,M1,11.6,2.06,199
2023-03-14,M2,13.62,1.18,263
2023-03-14,M3,11.45,1.45,315
2023-03-14,M4,17.49,2.77,357
2023-03-14,M5,14.58,2.41,415
2023-03-14,M6,11.1,1.46,480
2023-03-15,M1,12.86,2.16,198
2023-03-15,M2,13.11,1.22,262
2023-03-15,M3,8.92,1.17,318
2023-03-15,M4,16.08,2.6,358
2023-03-15,M5,15.2,2.18,418
2023-03-15,M6,13.61,1.54,479
2023-03-16,M1,10.4,1.74,202
2023-03-16,M2,15.89,1.86,256
2023-03-16,M3,11.32,0.9,321
2023-03-16,M4,18.67,2.7,357
2023-03-16,M5,13.17,2.9,411
2023-03-16,M6,11.05,1.39,481
2023-03-17,M1,10.83,1.53,164
2023-03-17,M2,13.73,1.58,209
2023-03-17,M3,9.69,1.39,256
2023-03-17,M4,19.27,2.84,286
2023-03-17,M5,13.04,2.38,336
2023-03-17,M6,13.36,1.57,389
2023-03-18,M1,12.5,1.91,160
2023-03-18,M2,15.21,1.44,210
2023-03-18,M3,9.18,1.45,255
2023-03-18,M4,19.05,2.64,288
2023-03-18,M5,15.47,2.49,335
2023-03-18,M6,14.58,2.1,384
2023-03-19,M1,11.7,1.52,204
2023-03-19,M2,14.07,1.54,259
2023-03-19,M3,10.53,0.76,322
2023-03-19,M4,16.56,3.33,351
2023-03-19,M5,15.94,2.53,414
2023-03-19,M6,11.69,1.57,479
2023-03-20,M1,10.07,2.41,195
2023-03-20,M2,13.47,1.58,259
2023-03-20,M3,9.1,1.05,319
2023-03-20,M4,18.61,3.33,351
2023-03-20,M5,12.83,2.01,419
2023-03-20,M6,11.55,2.2,472
2023-03-21,M1,13.5,2.1,199
2023-03-21,M2,15.4,1.67,258
2023-03-21,M3,8.7,1.41,315
2023-03-21,M4,17.68,2.88,356
2023-03-21,M5,14.08,2.05,419
2023-03-21,M6,11.67,2.04,474
2023-03-22,M1,10.33,2.1,198
2023-03-22,M2,13.98,1.39,261
2023-03-22,M3,9.15,0.86,321
2023-03-22,M4,18.88,2.8,357
2023-03-22,M5,14.27,2.48,415
2023-03-22,M6,13.65,2.24,472
2023-03-23,M1,12.93,1.71,202
2023-03-23,M2,13.12,1.26,262
2023-03-23,M3,10.38,0.55,324
2023-03-23,M4,17.99,3.1,354
2023-03-23,M5,13.34,2.77,412
2023-03-23,M6,11.43,1.38,481
2023-03-24,M1,12.91,2.0,160
2023-03-24,M2,15.75,1.43,210
2023-03-24,M3,8.99,1.32,256
2023-03-24,M4,19.2,3.19,283
2023-03-24,M5,13.09,2.59,334
2023-03-24,M6,12.44,1.39,391
2023-03-25,M1,13.67,1.64,163
2023-03-25,M2,16.8,1.45,210
2023-03-25,M3,8.74,1.04,259
2023-03-25,M4,19.49,3.23,282
2023-03-25,M5,15.23,2.66,333
2023-03-25,M6,13.77,2.15,383
2023-03-26,M1,11.0,1.99,200
2023-03-26,M2,13.88,1.99,255
2023-03-26,M3,11.78,0.54,324
2023-03-26,M4,18.82,3.43,350
2023-03-26,M5,12.72,2.57,414
2023-03-26,M6,14.66,1.33,481
2023-03-27,M1,12.79,1.8,202
2023-03-27,M2,16.7,1.97,255
2023-03-27,M3,11.78,0.97,320
2023-03-27,M4,19.45,3.34,351
2023-03-27,M5,13.28,2.83,411
2023-03-27,M6,11.15,1.9,476
2023-03-28,M1,10.92,1.62,203
2023-03-28,M2,13.31,1.7,258
2023-03-28,M3,9.36,1.22,317
2023-03-28,M4,16.26,2.82,356
2023-03-28,M5,14.16,2.79,412
2023-03-28,M6,12.28,1.93,475
2023-03-29,M1,13.54,2.12,198
2023-03-29,M2,13.93,1.02,264
2023-03-29,M3,11.48,0.52,324
2023-03-29,M4,19.5,3.03,354
2023-03-29,M5,15.76,2.8,412
2023-03-29,M6,14.99,1.65,478
2023-03-30,M1,13.07,1.9,200
2023-03-30,M2,14.92,1.63,258
2023-03-30,M3,11.49,1.48,315
2023-03-30,M4,19.07,2.92,355
2023-03-30,M5,13.69,2.74,412
2023-03-30,M6,11.96,1.41,480
2023-03-31,M1,11.42,1.79,162
2023-03-31,M2,14.19,1.23,212
2023-03-31,M3,8.17,0.52,264
2023-03-31,M4,19.95,2.93,285
2023-03-31,M5,13.54,2.68,333
2023-03-31,M6,11.87,2.25,382
2023-04-01,M1,13.15,1.59,164
2023-04-01,M2,14.67,1.88,206
2023-04-01,M3,11.78,0.97,260
2023-04-01,M4,18.45,2.67,288
2023-04-01,M5,15.96,2.23,337
2023-04-01,M6,14.77,1.95,385
2023-04-02,M1,12.43,2.01,199
2023-04-02,M2,13.92,1.18,263
2023-04-02,M3,8.88,0.69,323
2023-04-02,M4,19.12,2.85,356
2023-04-02,M5,12.23,2.97,410
2023-04-02,M6,14.54,2.23,472
2023-04-03,M1,13.98,1.67,203
2023-04-03,M2,14.58,1.76,257
2023-04-03,M3,10.78,0.65,323
2023-04-03,M4,19.26,2.72,357
2023-04-03,M5,12.9,2.54,414
2023-04-03,M6,13.37,1.88,476
2023-04-04,M1,10.37,2.38,196
2023-04-04,M2,14.06,1.13,263
2023-04-04,M3,11.55,1.46,315
2023-04-04,M4,19.45,3.31,351
2023-04-04,M5,14.62,2.55,414
2023-04-04,M6,11.35,1.71,477
2023-04-05,M1,11.49,1.76,202
2023-04-05,M2,15.89,1.5,260
2023-04-05,M3,8.32,0.72,322
2023-04-05,M4,18.73,2.58,359
2023-04-05,M5,15.4,2.5,415
2023-04-05,M6,12.92,1.89,476
2023-04-06,M1,13.3,1.85,201
2023-04-06,M2,15.71,1.57,259
2023-04-06,M3,9.07,1.38,316
2023-04-06,M4,19.19,3.16,353
2023-04-06,M5,15.4,2.87,411
2023-04-06,M6,13.83,2.14,473
2023-04-07,M1,12.79,2.18,158
2023-04-07,M2,15.47,1.75,207
2023-04-07,M3,8.63,1.38,256
2023-04-07,M4,19.49,2.53,289
2023-04-07,M5,15.3,2.13,338
2023-04-07,M6,12.34,2.04,384
2023-04-08,M1,10.64,2.32,156
2023-04-08,M2,16.33,1.51,209
2023-04-08,M3,8.03,0.79,262
2023-04-08,M4,18.47,3.48,280
2023-04-08,M5,14.53,2.26,337
2023-04-08,M6,13.54,1.84,386
2023-04-09,M1,13.12,1.61,203
2023-04-09,M2,16.04,1.54,259
2023-04-09,M3,11.85,0.84,321
2023-04-09,M4,18.53,3.43,350
2023-04-09,M5,12.41,2.94,410
2023-04-09,M6,13.75,1.37,481
2023-04-10,M1,11.2,2.21,197
2023-04-10,M2,13.27,1.58,259
2023-04-10,M3,9.38,1.12,318
2023-04-10,M4,16.18,3.37,351
2023-04-10,M5,15.89,2.97,410
2023-04-10,M6,14.0,1.43,480
2023-04-11,M1,13.03,1.52,204
2023-04-11,M2,13.09,1.32,261
2023-04-11,M3,9.95,1.27,317
2023-04-11,M4,18.73,2.95,355
2023-04-11,M5,13.09,3.0,410
2023-04-11,M6,12.7,1.75,477
2023-04-12,M1,10.65,2.29,197
2023-04-12,M2,15.77,1.22,262
2023-04-12,M3,8.33,1.18,318
2023-04-12,M4,18.62,2.77,357
2023-04-12,M5,15.8,2.15,418
2023-04-12,M6,12.73,2.24,472
2023-04-13,M1,11.68,2.14,198
2023-04-13,M2,14.59,1.27,262
2023-04-13,M3,11.94,0.91,320
2023-04-13,M4,19.58,2.73,357
2023-04-13,M5,12.85,2.03,419
2023-04-13,M6,13.61,1.67,478
2023-04-14,M1,13.46,1.97,160
2023-04-14,M2,16.87,1.19,213
2023-04-14,M3,11.47,1.28,257
2023-04-14,M4,19.08,3.34,281
2023-04-14,M5,15.04,2.63,333
2023-04-14,M6,11.52,1.33,391
2023-04-15,M1,13.68,2.12,158
2023-04-15,M2,16.19,1.48,210
2023-04-15,M3,8.47,0.63,263
2023-04-15,M4,18.74,2.93,285
2023-04-15,M5,12.8,2.49,335
2023-04-15,M6,11.26,1.88,386
2023-04-16,M1,11.08,2.3,197
2023-04-16,M2,14.24,1.46,260
2023-04-16,M3,8.05,0.57,324
2023-04-16,M4,17.57,2.98,355
2023-04-16,M5,14.4,2.29,417
2023-04-16,M6,13.78,2.16,473
2023-04-17,M1,13.12,1.54,204
2023-04-17,M2,14.92,1.1,263
2023-04-17,M3,8.97,1.49,315
2023-04-17,M4,16.57,3.0,355
2023-04-17,M5,14.47,2.7,412
2023-04-17,M6,13.24,1.31,481
2023-04-18,M1,11.31,2.02,199
2023-04-18,M2,13.35,1.35,261
2023-04-18,M3,8.13,0.58,324
2023-04-18,M4,17.59,2.63,358
2023-04-18,M5,14.27,2.69,413
2023-04-18,M6,14.2,1.5,479
2023-04-19,M1,10.67,1.6,203
2023-04-19,M2,15.55,1.71,257
2023-04-19,M3,8.13,1.44,315
2023-04-19,M4,16.21,3.04,354
2023-04-19,M5,14.84,2.87,411
2023-04-19,M6,13.86,2.1,473
2023-04-20,M1,11.36,2.31,196
2023-04-20,M2,13.32,1.89,256
2023-04-20,M3,10.19,1.32,316
2023-04-20,M4,17.81,3.14,353
2023-04-20,M5,14.11,2.73,412
2023-04-20,M6,11.33,1.36,481
2023-04-21,M1,10.99,1.66,163
2023-04-21,M2,16.49,1.22,212
2023-04-21,M3,11.9,0.84,261
2023-04-21,M4,16.73,3.29,282
2023-04-21,M5,14.63,2.5,335
2023-04-21,M6,13.22,2.02,384
2023-04-22,M1,10.91,2.5,155
2023-04-22,M2,16.9,1.65,208
2023-04-22,M3,8.8,1.18,258
2023-04-22,M4,16.29,2.53,289
2023-04-22,M5,13.03,2.46,335
2023-04-22,M6,14.47,2.03,384
2023-04-23,M1,12.97,1.93,200
2023-04-23,M2,14.38,1.37,261
2023-04-23,M3,11.95,0.54,324
2023-04-23,M4,19.47,3.08,354
2023-04-23,M5,13.75,2.73,412
2023-04-23,M6,12.95,2.17,473
2023-04-24,M1,13.6,1.92,200
2023-04-24,M2,14.11,1.59,259
2023-04-24,M3,11.65,0.71,322
2023-04-24,M4,18.49,3.13,353
2023-04-24,M5,14.93,2.13,418
2023-04-24,M6,13.86,2.21,472
2023-04-25,M1,10.72,1.74,202
2023-04-25,M2,16.89,1.18,263
2023-04-25,M3,11.42,0.99,320
2023-04-25,M4,16.99,3.37,351
2023-04-25,M5,13.78,2.51,414
2023-04-25,M6,12.44,1.89,476
2023-04-26,M1,10.65,1.89,201
2023-04-26,M2,16.88,1.26,262
2023-04-26,M3,10.63,0.83,321
2023-04-26,M4,19.09,2.63,358
2023-04-26,M5,15.88,2.45,415
2023-04-26,M6,11.94,1.37,481
2023-04-27,M1,10.68,2.02,199
2023-04-27,M2,14.35,1.83,256
2023-04-27,M3,9.72,0.75,322
2023-04-27,M4,18.47,3.21,352
2023-04-27,M5,12.67,2.17,418
2023-04-27,M6,11.15,2.04,474
2023-04-28,M1,12.66,1.97,160
2023-04-28,M2,16.38,1.81,206
2023-04-28,M3,10.34,1.37,256
2023-04-28,M4,16.82,2.61,288
2023-04-28,M5,13.08,2.06,339
2023-04-28,M6,13.12,2.24,382
2023-04-29,M1,10.16,1.62,163
2023-04-29,M2,14.81,1.93,205
2023-04-29,M3,9.26,1.01,259
2023-04-29,M4,16.17,2.65,288
2023-04-29,M5,15.95,2.97,330
2023-04-29,M6,11.02,2.25,382
2023-04-30,M1,12.56,2.37,196
2023-04-30,M2,14.82,1.52,259
2023-04-30,M3,9.96,1.17,318
2023-04-30,M4,16.56,2.53,359
2023-04-30,M5,13.23,2.7,412
2023-04-30,M6,11.81,1.97,475
2023-05-01,M1,13.88,1.59,204
2023-05-01,M2,15.69,1.44,260
2023-05-01,M3,11.47,0.68,323
2023-05-01,M4,18.77,3.34,351
2023-05-01,M5,15.78,2.68,413
2023-05-01,M6,12.99,1.92,475
2023-05-02,M1,13.48,2.07,199
2023-05-02,M2,13.12,1.93,255
2023-05-02,M3,10.76,1.18,318
2023-05-02,M4,16.86,3.16,353
2023-05-02,M5,13.58,2.65,413
2023-05-02,M6,11.43,1.96,475
2023-05-03,M1,14.0,1.55,204
2023-05-03,M2,16.91,1.41,260
2023-05-03,M3,11.48,1.28,317
2023-05-03,M4,18.27,3.24,352
2023-05-03,M5,15.51,2.4,415
2023-05-03,M6,12.31,1.97,475
2023-05-04,M1,13.23,2.26,197
2023-05-04,M2,16.19,1.44,260
2023-05-04,M3,11.27,0.62,323
2023-05-04,M4,18.18,2.51,359
2023-05-04,M5,13.3,2.37,416
2023-05-04,M6,12.58,2.0,475
2023-05-05,M1,11.55,1.95,160
2023-05-05,M2,13.95,1.37,211
2023-05-05,M3,8.91,0.57,264
2023-05-05,M4,18.41,3.17,283
2023-05-05,M5,14.48,2.46,335
2023-05-05,M6,12.52,2.16,383
2023-05-06,M1,12.08,1.98,160
2023-05-06,M2,13.1,1.34,211
2023-05-06,M3,9.52,0.9,261
2023-05-06,M4,18.32,3.03,284
2023-05-06,M5,14.43,2.76,332
2023-05-06,M6,14.25,2.02,384
2023-05-07,M1,13.82,1.52,204
2023-05-07,M2,13.78,1.01,264
2023-05-07,M3,10.59,1.4,316
2023-05-07,M4,16.97,3.43,350
2023-05-07,M5,12.24,2.93,410
2023-05-07,M6,12.41,1.4,480
2023-05-08,M1,11.94,1.76,202
2023-05-08,M2,14.14,1.31,261
2023-05-08,M3,11.21,1.04,319
2023-05-08,M4,17.25,3.11,353
2023-05-08,M5,14.86,2.27,417
2023-05-08,M6,12.65,1.42,480
2023-05-09,M1,10.72,2.18,198
2023-05-09,M2,13.73,1.53,259
2023-05-09,M3,10.84,0.61,323
2023-05-09,M4,18.27,2.76,357
2023-05-09,M5,15.85,2.48,415
2023-05-09,M6,14.22,1.85,476
2023-05-10,M1,10.17,2.13,198
2023-05-10,M2,16.81,1.6,258
2023-05-10,M3,11.28,1.38,316
2023-05-10,M4,16.91,2.71,357
2023-05-10,M5,14.44,2.41,415
2023-05-10,M6,14.36,2.2,472
2023-05-11,M1,11.41,1.74,202
2023-05-11,M2,16.12,1.27,262
2023-05-11,M3,11.29,0.92,320
2023-05-11,M4,18.67,2.6,359
2023-05-11,M5,14.5,2.45,415
2023-05-11,M6,13.35,1.47,480
2023-05-12,M1,12.95,2.36,156
2023-05-12,M2,13.87,1.1,214
2023-05-12,M3,8.09,1.14,258
2023-05-12,M4,18.43,3.05,284
2023-05-12,M5,12.93,2.39,336
2023-05-12,M6,13.38,1.8,387
2023-05-13,M1,13.95,1.64,163
2023-05-13,M2,15.78,1.4,210
2023-05-13,M3,9.71,1.22,257
2023-05-13,M4,18.77,3.49,280
2023-05-13,M5,12.51,2.1,338
2023-05-13,M6,13.9,1.88,386
2023-05-14,M1,11.1,1.58,204
2023-05-14,M2,13.34,1.89,256
2023-05-14,M3,8.77,0.82,321
2023-05-14,M4,16.91,2.85,356
2023-05-14,M5,12.28,2.52,414
2023-05-14,M6,11.27,2.1,473
2023-05-15,M1,10.93,2.04,199
2023-05-15,M2,16.52,1.65,258
2023-05-15,M3,10.13,0.82,321
2023-05-15,M4,17.33,3.17,353
2023-05-15,M5,15.98,2.66,413
2023-05-15,M6,13.23,2.03,474
2023-05-16,M1,11.86,1.56,204
2023-05-16,M2,15.25,1.96,255
2023-05-16,M3,8.7,1.19,318
2023-05-16,M4,16.8,3.04,354
2023-05-16,M5,12.39,2.45,415
2023-05-16,M6,14.02,1.65,478
2023-05-17,M1,12.66,2.3,197
2023-05-17,M2,16.71,1.23,262
2023-05-17,M3,9.6,0.65,323
2023-05-17,M4,19.97,3.43,350
2023-05-17,M5,14.16,2.84,411
2023-05-17,M6,13.08,1.92,475
2023-05-18,M1,10.36,2.26,197
2023-05-18,M2,13.51,1.83,256
2023-05-18,M3,11.13,1.21,317
2023-05-18,M4,16.14,2.8,356
2023-05-18,M5,13.05,2.36,416
2023-05-18,M6,11.35,2.24,472
2023-05-19,M1,12.22,1.81,161
2023-05-19,M2,14.59,1.45,210
2023-05-19,M3,10.4,1.02,259
2023-05-19,M4,19.68,3.0,285
2023-05-19,M5,15.97,2.85,331
2023-05-19,M6,11.83,2.23,382
2023-05-20,M1,10.47,2.32,156
2023-05-20,M2,14.52,1.88,206
2023-05-20,M3,11.47,1.31,256
2023-05-20,M4,19.16,2.8,286
2023-05-20,M5,12.32,2.4,335
2023-05-20,M6,11.69,1.99,385
2023-05-21,M1,11.38,2.48,195
2023-05-21,M2,15.56,1.82,256
2023-05-21,M3,8.53,1.36,316
2023-05-21,M4,19.69,2.99,355
2023-05-21,M5,14.43,2.76,412
2023-05-21,M6,11.7,1.8,476
2023-05-22,M1,11.59,1.65,203
2023-05-22,M2,14.47,1.07,264
2023-05-22,M3,8.1,0.64,323
2023-05-22,M4,19.85,3.05,354
2023-05-22,M5,15.86,2.43,415
2023-05-22,M6,12.25,1.81,476
2023-05-23,M1,11.76,1.61,203
2023-05-23,M2,15.56,1.22,262
2023-05-23,M3,10.48,1.15,318
2023-05-23,M4,16.61,2.56,359
2023-05-23,M5,15.12,2.46,415
2023-05-23,M6,11.23,2.29,472
2023-05-24,M1,10.23,2.2,198
2023-05-24,M2,16.93,1.24,262
2023-05-24,M3,8.57,0.62,323
2023-05-24,M4,17.21,2.6,358
2023-05-24,M5,14.77,2.06,419
2023-05-24,M6,13.04,2.3,472
2023-05-25,M1,13.26,2.12,198
2023-05-25,M2,14.23,1.62,258
2023-05-25,M3,10.11,0.93,320
2023-05-25,M4,16.52,3.39,351
2023-05-25,M5,13.8,2.19,418
2023-05-25,M6,12.47,1.71,477
2023-05-26,M1,13.31,2.23,157
2023-05-26,M2,16.08,1.01,214
2023-05-26,M3,9.66,0.98,260
2023-05-26,M4,16.08,2.76,287
2023-05-26,M5,15.04,2.14,338
2023-05-26,M6,13.14,1.52,389
2023-05-27,M1,10.05,1.74,162
2023-05-27,M2,16.9,1.8,206
2023-05-27,M3,11.84,0.99,260
2023-05-27,M4,16.44,3.05,284
2023-05-27,M5,13.82,2.84,331
2023-05-27,M6,11.39,1.79,387
2023-05-28,M1,10.6,1.82,201
2023-05-28,M2,15.95,1.48,260
2023-05-28,M3,9.5,0.89,321
2023-05-28,M4,17.84,3.29,352
2023-05-28,M5,15.57,2.96,410
2023-05-28,M6,14.15,1.62,478
2023-05-29,M1,12.75,1.94,200
2023-05-29,M2,14.02,1.84,256
2023-05-29,M3,8.15,1.4,315
2023-05-29,M4,17.85,3.14,353
2023-05-29,M5,14.64,2.9,411
2023-05-29,M6,13.55,1.91,475
2023-05-30,M1,10.27,2.02,199
2023-05-30,M2,13.6,1.74,257
2023-05-30,M3,10.05,1.18,318
2023-05-30,M4,16.17,2.58,359
2023-05-30,M5,14.87,2.07,419
2023-05-30,M6,11.29,1.31,481
2023-05-31,M1,13.83,2.24,197
2023-05-31,M2,14.41,1.3,262
2023-05-31,M3,9.4,1.27,317
2023-05-31,M4,18.65,2.69,358
2023-05-31,M5,12.7,2.1,419
2023-05-31,M6,13.64,2.06,474
2023-06-01,M1,11.06,1.52,204
2023-06-01,M2,13.33,1.97,255
2023-06-01,M3,9.18,1.27,317
2023-06-01,M4,18.5,2.88,356
2023-06-01,M5,12.82,2.12,418
2023-06-01,M6,13.46,2.07,474
2023-06-02,M1,12.58,2.03,159
2023-06-02,M2,13.17,1.97,205
2023-06-02,M3,11.19,0.79,262
2023-06-02,M4,19.92,3.1,283
2023-06-02,M5,14.33,2.75,332
2023-06-02,M6,14.25,1.96,385
2023-06-03,M1,10.51,1.84,161
2023-06-03,M2,16.71,1.22,212
2023-06-03,M3,9.49,0.93,260
2023-06-03,M4,17.76,3.11,283
2023-06-03,M5,15.77,2.24,337
2023-06-03,M6,11.49,1.5,390
2023-06-04,M1,13.55,2.15,198
2023-06-04,M2,14.14,1.82,256
2023-06-04,M3,11.45,1.35,316
2023-06-04,M4,19.68,2.75,357
2023-06-04,M5,15.02,2.46,415
2023-06-04,M6,14.37,2.03,474
2023-06-05,M1,13.11,2.16,198
2023-06-05,M2,13.71,1.55,259
2023-06-05,M3,11.94,1.44,315
2023-06-05,M4,16.17,2.66,358
2023-06-05,M5,12.53,2.73,412
2023-06-05,M6,14.27,1.51,479
2023-06-06,M1,12.02,2.34,196
2023-06-06,M2,15.93,1.54,259
2023-06-06,M3,10.36,1.01,319
2023-06-06,M4,17.19,3.07,354
2023-06-06,M5,14.76,2.87,411
2023-06-06,M6,13.55,2.06,474
2023-06-07,M1,10.64,1.96,200
2023-06-07,M2,13.04,1.25,262
2023-06-07,M3,10.91,1.49,315
2023-06-07,M4,16.4,2.9,355
2023-06-07,M5,15.2,2.2,417
2023-06-07,M6,13.22,2.03,474
2023-06-08,M1,12.46,1.69,203
2023-06-08,M2,14.42,1.78,257
2023-06-08,M3,10.22,0.51,324
2023-06-08,M4,19.04,2.54,359
2023-06-08,M5,14.98,2.2,417
2023-06-08,M6,14.83,1.67,478
2023-06-09,M1,11.31,1.65,163
2023-06-09,M2,14.22,1.88,206
2023-06-09,M3,11.99,0.87,261
2023-06-09,M4,17.79,3.22,282
2023-06-09,M5,15.54,2.59,334
2023-06-09,M6,12.57,1.71,387
2023-06-10,M1,12.78,1.5,164
2023-06-10,M2,15.48,1.36,211
2023-06-10,M3,11.18,0.59,264
2023-06-10,M4,18.35,2.98,285
2023-06-10,M5,14.57,2.06,339
2023-06-10,M6,13.32,1.86,386
2023-06-11,M1,12.24,2.1,198
2023-06-11,M2,15.71,1.8,256
2023-06-11,M3,9.08,1.33,316
2023-06-11,M4,17.99,2.58,359
2023-06-11,M5,12.23,2.33,416
2023-06-11,M6,14.14,2.01,474
2023-06-12,M1,13.15,2.02,199
2023-06-12,M2,14.76,1.15,263
2023-06-12,M3,9.31,0.93,320
2023-06-12,M4,16.35,2.72,357
2023-06-12,M5,14.39,2.74,412
2023-06-12,M6,14.99,2.23,472
2023-06-13,M1,12.57,1.92,200
2023-06-13,M2,15.54,1.79,257
2023-06-13,M3,8.47,0.91,320
2023-06-13,M4,19.36,2.88,356
2023-06-13,M5,14.29,2.59,414
2023-06-13,M6,11.74,1.66,478
2023-06-14,M1,11.34,1.53,204
2023-06-14,M2,13.1,1.83,256
2023-06-14,M3,9.09,1.02,319
2023-06-14,M4,17.19,3.44,350
2023-06-14,M5,13.04,2.43,415
2023-06-14,M6,14.49,2.14,473
2023-06-15,M1,10.74,2.3,196
2023-06-15,M2,14.83,1.48,260
2023-06-15,M3,8.53,0.58,324
2023-06-15,M4,18.91,3.0,355
2023-06-15,M5,13.75,2.73,412
2023-06-15,M6,14.06,1.46,480
2023-06-16,M1,12.44,1.64,163
2023-06-16,M2,16.01,1.66,208
2023-06-16,M3,11.83,0.57,264
2023-06-16,M4,16.23,2.78,287
2023-06-16,M5,13.05,2.25,337
2023-06-16,M6,14.63,1.55,389
2023-06-17,M1,11.09,2.26,157
2023-06-17,M2,14.8,1.78,207
2023-06-17,M3,8.26,0.99,260
2023-06-17,M4,16.13,2.56,289
2023-06-17,M5,15.63,2.14,338
2023-06-17,M6,13.13,1.71,387
2023-06-18,M1,11.39,2.4,196
2023-06-18,M2,13.09,1.66,258
2023-06-18,M3,11.85,1.06,319
2023-06-18,M4,19.75,2.55,359
2023-06-18,M5,13.68,2.26,417
2023-06-18,M6,13.92,2.28,472
2023-06-19,M1,11.03,2.15,198
2023-06-19,M2,13.79,1.57,259
2023-06-19,M3,9.86,1.47,315
2023-06-19,M4,18.43,2.85,356
2023-06-19,M5,12.46,2.15,418
2023-06-19,M6,11.9,1.55,479
2023-06-20,M1,13.4,2.06,199
2023-06-20,M2,15.09,1.11,263
2023-06-20,M3,11.44,1.22,317
2023-06-20,M4,16.27,3.21,352
2023-06-20,M5,14.17,2.08,419
2023-06-20,M6,12.83,1.78,477
2023-06-21,M1,10.66,2.45,195
2023-06-21,M2,16.4,1.67,258
2023-06-21,M3,9.85,0.91,320
2023-06-21,M4,18.6,3.05,354
2023-06-21,M5,12.25,2.51,414
2023-06-21,M6,14.23,1.76,477
2023-06-22,M1,10.21,2.29,197
2023-06-22,M2,13.81,1.26,262
2023-06-22,M3,8.66,0.83,321
2023-06-22,M4,19.03,3.02,354
2023-06-22,M5,12.82,2.88,411
2023-06-22,M6,14.52,2.17,473
2023-06-23,M1,10.96,1.95,160
2023-06-23,M2,16.94,1.77,207
2023-06-23,M3,8.11,0.57,264
2023-06-23,M4,17.86,3.41,280
2023-06-23,M5,14.15,2.5,335
2023-06-23,M6,11.42,1.96,385
2023-06-24,M1,13.29,1.88,161
2023-06-24,M2,16.1,1.96,205
2023-06-24,M3,8.82,1.02,259
2023-06-24,M4,17.15,3.29,282
2023-06-24,M5,14.31,2.63,333
2023-06-24,M6,14.19,1.7,388
2023-06-25,M1,13.66,2.03,199
2023-06-25,M2,13.63,1.7,258
2023-06-25,M3,11.17,0.82,321
2023-06-25,M4,19.43,3.41,350
2023-06-25,M5,13.11,2.98,410
2023-06-25,M6,11.56,1.5,479
2023-06-26,M1,10.74,2.39,196
2023-06-26,M2,15.62,1.15,263
2023-06-26,M3,9.76,1.12,318
2023-06-26,M4,16.33,3.38,351
2023-06-26,M5,15.21,2.51,414
2023-06-26,M6,14.87,1.72,477
2023-06-27,M1,13.94,2.17,198
2023-06-27,M2,15.54,1.17,263
2023-06-27,M3,11.53,0.93,320
2023-06-27,M4,16.65,2.51,359
2023-06-27,M5,14.24,2.53,414
2023-06-27,M6,13.88,2.19,473
2023-06-28,M1,10.32,2.23,197
2023-06-28,M2,13.75,1.86,256
2023-06-28,M3,11.28,1.04,319
2023-06-28,M4,18.84,2.81,356
2023-06-28,M5,13.88,2.82,411
2023-06-28,M6,12.84,1.66,478
2023-06-29,M1,11.98,2.33,196
2023-06-29,M2,14.34,1.17,263
2023-06-29,M3,10.85,1.33,316
2023-06-29,M4,16.4,2.74,357
2023-06-29,M5,12.57,2.35,416
2023-06-29,M6,12.8,2.05,474
2023-06-30,M1,12.6,2.12,158
2023-06-30,M2,14.41,1.84,206
2023-06-30,M3,9.89,1.48,255
2023-06-30,M4,18.54,2.63,288
2023-06-30,M5,14.7,2.33,336
2023-06-30,M6,13.75,1.37,391
2023-07-01,M1,10.7,2.36,156
2023-07-01,M2,13.91,1.84,206
2023-07-01,M3,9.12,1.14,258
2023-07-01,M4,18.78,3.01,284
2023-07-01,M5,13.22,2.21,337
2023-07-01,M6,11.13,1.6,388
2023-07-02,M1,12.61,2.44,195
2023-07-02,M2,16.48,1.77,257
2023-07-02,M3,11.15,1.16,318
2023-07-02,M4,17.04,3.41,350
2023-07-02,M5,14.68,2.56,414
2023-07-02,M6,11.44,1.75,477
2023-07-03,M1,11.84,2.36,196
2023-07-03,M2,15.19,1.38,261
2023-07-03,M3,11.91,0.61,323
2023-07-03,M4,17.69,2.54,359
2023-07-03,M5,14.96,2.92,410
2023-07-03,M6,12.12,2.16,473
2023-07-04,M1,11.17,2.41,195
2023-07-04,M2,16.02,1.8,256
2023-07-04,M3,8.07,1.46,315
2023-07-04,M4,18.91,2.8,356
2023-07-04,M5,15.32,2.28,417
2023-07-04,M6,14.49,1.41,480
2023-07-05,M1,12.81,2.04,199
2023-07-05,M2,13.39,1.24,262
2023-07-05,M3,8.05,0.97,320
2023-07-05,M4,17.21,3.1,354
2023-07-05,M5,13.19,2.3,417
2023-07-05,M6,13.97,1.35,481
2023-07-06,M1,13.61,2.35,196
2023-07-06,M2,15.67,1.59,259
2023-07-06,M3,11.57,0.69,323
2023-07-06,M4,16.32,2.74,357
2023-07-06,M5,15.18,2.03,419
2023-07-06,M6,13.33,2.3,472
2023-07-07,M1,13.42,2.02,159
2023-07-07,M2,13.25,1.83,206
2023-07-07,M3,10.4,0.61,263
2023-07-07,M4,16.38,3.41,280
2023-07-07,M5,14.68,2.83,331
2023-07-07,M6,14.52,1.87,386
2023-07-08,M1,12.07,1.93,160
2023-07-08,M2,14.27,1.43,210
2023-07-08,M3,11.1,1.1,258
2023-07-08,M4,19.57,2.94,285
2023-07-08,M5,14.43,2.63,333
2023-07-08,M6,13.37,2.0,384
2023-07-09,M1,10.95,2.01,199
2023-07-09,M2,13.42,1.38,261
2023-07-09,M3,9.95,1.15,318
2023-07-09,M4,19.8,3.1,353
2023-07-09,M5,14.97,2.51,414
2023-07-09,M6,13.54,1.37,481
2023-07-10,M1,11.02,1.86,201
2023-07-10,M2,14.89,1.05,264
2023-07-10,M3,8.56,0.78,322
2023-07-10,M4,19.89,2.83,356
2023-07-10,M5,13.93,2.2,418
2023-07-10,M6,13.44,1.58,479
2023-07-11,M1,10.83,2.02,199
2023-07-11,M2,13.02,1.01,264
2023-07-11,M3,8.88,0.54,324
2023-07-11,M4,16.43,2.84,356
2023-07-11,M5,15.21,2.57,414
2023-07-11,M6,13.05,1.59,479
2023-07-12,M1,13.73,1.9,201
2023-07-12,M2,13.35,1.62,258
2023-07-12,M3,8.46,0.85,321
2023-07-12,M4,18.03,3.37,351
2023-07-12,M5,13.97,2.7,412
2023-07-12,M6,14.97,1.43,480
2023-07-13,M1,11.1,1.89,201
2023-07-13,M2,14.69,1.41,260
2023-07-13,M3,11.63,1.21,317
2023-07-13,M4,18.43,2.81,356
2023-07-13,M5,15.3,2.96,410
2023-07-13,M6,14.28,1.3,481
2023-07-14,M1,12.55,1.55,164
2023-07-14,M2,14.03,1.06,214
2023-07-14,M3,10.42,1.19,258
2023-07-14,M4,16.46,2.88,286
2023-07-14,M5,13.82,2.37,336
2023-07-14,M6,11.48,1.72,387
2023-07-15,M1,13.0,1.57,164
2023-07-15,M2,13.32,1.35,211
2023-07-15,M3,11.77,1.17,258
2023-07-15,M4,18.71,2.86,286
2023-07-15,M5,14.37,2.01,339
2023-07-15,M6,13.54,2.21,382
2023-07-16,M1,12.45,2.37,196
2023-07-16,M2,15.9,1.12,263
2023-07-16,M3,11.61,0.57,324
2023-07-16,M4,18.14,2.64,358
2023-07-16,M5,12.05,2.42,415
2023-07-16,M6,12.18,1.79,477
2023-07-17,M1,12.31,1.54,204
2023-07-17,M2,13.49,1.56,259
2023-07-17,M3,9.37,1.23,317
2023-07-17,M4,18.61,3.35,351
2023-07-17,M5,14.77,2.43,415
2023-07-17,M6,13.69,1.58,479
2023-07-18,M1,11.23,2.29,197
2023-07-18,M2,14.79,1.8,257
2023-07-18,M3,11.29,1.36,316
2023-07-18,M4,19.67,2.93,355
2023-07-18,M5,13.28,2.58,414
2023-07-18,M6,12.48,1.9,475
2023-07-19,M1,12.82,2.19,198
2023-07-19,M2,14.5,1.17,263
2023-07-19,M3,9.72,0.64,323
2023-07-19,M4,19.56,2.85,356
2023-07-19,M5,12.62,2.03,419
2023-07-19,M6,13.58,1.94,475
2023-07-20,M1,11.36,1.57,204
2023-07-20,M2,14.64,1.31,261
2023-07-20,M3,10.71,1.11,318
2023-07-20,M4,17.46,2.72,357
2023-07-20,M5,15.95,2.45,415
2023-07-20,M6,13.75,1.44,480
2023-07-21,M1,11.94,1.53,164
2023-07-21,M2,15.02,1.96,205
2023-07-21,M3,9.54,0.54,264
2023-07-21,M4,16.12,2.89,286
2023-07-21,M5,12.64,2.02,339
2023-07-21,M6,14.02,1.76,387
2023-07-22,M1,11.16,2.4,155
2023-07-22,M2,13.46,1.96,205
2023-07-22,M3,9.26,1.39,256
2023-07-22,M4,18.41,3.33,281
2023-07-22,M5,15.94,2.29,337
2023-07-22,M6,14.84,1.69,388
2023-07-23,M1,11.54,1.84,201
2023-07-23,M2,15.17,1.15,263
2023-07-23,M3,10.21,1.04,319
2023-07-23,M4,19.05,3.33,351
2023-07-23,M5,13.76,2.3,416
2023-07-23,M6,12.04,1.49,480
2023-07-24,M1,10.23,1.84,201
2023-07-24,M2,14.08,1.97,255
2023-07-24,M3,10.23,0.85,321
2023-07-24,M4,18.32,2.64,358
2023-07-24,M5,13.78,2.63,413
2023-07-24,M6,12.96,1.7,477
2023-07-25,M1,13.98,2.38,196
2023-07-25,M2,15.49,1.57,259
2023-07-25,M3,10.48,0.7,322
2023-07-25,M4,17.58,2.54,359
2023-07-25,M5,13.9,2.54,414
2023-07-25,M6,11.91,2.26,472
2023-07-26,M1,13.64,2.22,197
2023-07-26,M2,15.13,1.87,256
2023-07-26,M3,8.52,1.29,317
2023-07-26,M4,16.5,3.29,352
2023-07-26,M5,13.1,2.88,411
2023-07-26,M6,14.78,1.45,480
2023-07-27,M1,11.85,2.48,195
2023-07-27,M2,14.93,1.86,256
2023-07-27,M3,10.35,0.88,321
2023-07-27,M4,17.14,2.7,357
2023-07-27,M5,15.05,2.39,416
2023-07-27,M6,13.05,1.79,477
2023-07-28,M1,12.31,2.37,156
2023-07-28,M2,16.92,1.41,210
2023-07-28,M3,11.31,1.26,257
2023-07-28,M4,18.29,3.46,280
2023-07-28,M5,12.8,2.11,338
2023-07-28,M6,14.42,1.74,387
2023-07-29,M1,13.39,2.39,156
2023-07-29,M2,13.25,1.88,206
2023-07-29,M3,9.79,1.01,259
2023-07-29,M4,18.51,3.43,280
2023-07-29,M5,12.08,2.48,335
2023-07-29,M6,13.75,2.02,384
2023-07-30,M1,12.77,1.63,203
2023-07-30,M2,14.2,1.36,261
2023-07-30,M3,11.22,0.78,322
2023-07-30,M4,16.84,3.46,350
2023-07-30,M5,12.04,3.0,410
2023-07-30,M6,13.71,2.13,473
2023-07-31,M1,11.18,1.51,204
2023-07-31,M2,15.95,1.83,256
2023-07-31,M3,10.96,0.64,323
2023-07-31,M4,19.01,3.27,352
2023-07-31,M5,14.63,2.77,412
2023-07-31,M6,14.38,1.91,475
2023-08-01,M1,10.35,1.99,200
2023-08-01,M2,13.31,1.41,260
2023-08-01,M3,9.63,0.57,324
2023-08-01,M4,17.4,2.61,358
2023-08-01,M5,15.23,2.95,410
2023-08-01,M6,11.29,2.26,472
2023-08-02,M1,12.09,1.8,202
2023-08-02,M2,13.31,1.5,259
2023-08-02,M3,11.18,1.21,317
2023-08-02,M4,16.2,2.57,359
2023-08-02,M5,13.61,2.3,417
2023-08-02,M6,11.93,1.58,479
2023-08-03,M1,13.21,2.43,195
2023-08-03,M2,14.62,1.91,255
2023-08-03,M3,9.29,0.98,320
2023-08-03,M4,16.9,3.14,353
2023-08-03,M5,15.92,2.6,413
2023-08-03,M6,12.43,1.95,475
2023-08-04,M1,10.49,2.39,156
2023-08-04,M2,15.01,1.45,210
2023-08-04,M3,10.34,1.12,258
2023-08-04,M4,16.29,3.18,283
2023-08-04,M5,12.97,2.71,332
2023-08-04,M6,14.29,2.1,383
2023-08-05,M1,12.21,2.02,159
2023-08-05,M2,13.57,1.78,207
2023-08-05,M3,9.09,1.0,260
2023-08-05,M4,17.14,2.63,288
2023-08-05,M5,14.52,2.05,339
2023-08-05,M6,13.99,1.62,388
2023-08-06,M1,10.0,2.01,199
2023-08-06,M2,13.19,1.28,262
2023-08-06,M3,10.83,0.56,324
2023-08-06,M4,19.36,2.5,359
2023-08-06,M5,12.99,2.74,412
2023-08-06,M6,12.27,1.4,480
2023-08-07,M1,11.44,1.77,202
2023-08-07,M2,16.37,1.31,261
2023-08-07,M3,11.16,1.39,316
2023-08-07,M4,17.74,3.41,350
2023-08-07,M5,13.51,2.96,410
2023-08-07,M6,11.36,1.99,475
2023-08-08,M1,11.98,1.89,201
2023-08-08,M2,15.53,1.7,257
2023-08-08,M3,8.02,0.67,323
2023-08-08,M4,18.85,3.17,353
2023-08-08,M5,15.86,2.76,412
2023-08-08,M6,14.8,2.0,474
2023-08-09,M1,11.19,1.61,203
2023-08-09,M2,16.13,1.64,258
2023-08-09,M3,8.19,0.86,321
2023-08-09,M4,19.83,3.0,354
2023-08-09,M5,13.73,2.46,415
2023-08-09,M6,11.84,1.67,478
2023-08-10,M1,11.48,1.55,204
2023-08-10,M2,16.07,1.42,260
2023-08-10,M3,11.29,1.35,316
2023-08-10,M4,16.85,3.16,353
2023-08-10,M5,13.89,2.88,411
2023-08-10,M6,11.86,1.98,475
2023-08-11,M1,12.43,1.8,162
2023-08-11,M2,13.55,1.65,208
2023-08-11,M3,10.95,0.82,261
2023-08-11,M4,18.58,2.9,286
2023-08-11,M5,14.85,2.2,338
2023-08-11,M6,14.56,1.59,389
2023-08-12,M1,11.47,1.56,164
2023-08-12,M2,13.45,1.52,209
2023-08-12,M3,9.07,1.34,256
2023-08-12,M4,16.06,2.88,286
2023-08-12,M5,13.35,2.02,339
2023-08-12,M6,11.5,1.71,387
2023-08-13,M1,11.97,1.9,200
2023-08-13,M2,15.12,1.6,259
2023-08-13,M3,8.04,0.96,320
2023-08-13,M4,19.85,3.02,354
2023-08-13,M5,14.71,2.31,416
2023-08-13,M6,14.1,2.07,474
2023-08-14,M1,12.09,2.48,195
2023-08-14,M2,13.5,1.02,264
2023-08-14,M3,11.08,1.31,316
2023-08-14,M4,16.48,2.77,357
2023-08-14,M5,12.07,2.29,417
2023-08-14,M6,14.09,1.82,476
2023-08-15,M1,11.39,1.87,201
2023-08-15,M2,13.01,1.3,262
2023-08-15,M3,10.59,1.47,315
2023-08-15,M4,19.39,2.52,359
2023-08-15,M5,15.59,2.78,412
2023-08-15,M6,14.12,1.76,477
2023-08-16,M1,11.59,1.8,201
2023-08-16,M2,13.26,1.23,262
2023-08-16,M3,8.99,0.98,320
2023-08-16,M4,18.99,2.97,355
2023-08-16,M5,12.23,2.96,410
2023-08-16,M6,14.77,2.09,474
2023-08-17,M1,13.97,2.04,199
2023-08-17,M2,16.85,1.08,264
2023-08-17,M3,9.46,0.73,322
2023-08-17,M4,16.78,2.64,358
2023-08-17,M5,14.49,2.78,412
2023-08-17,M6,13.31,1.45,480
2023-08-18,M1,13.24,2.14,158
2023-08-18,M2,14.55,1.67,208
2023-08-18,M3,9.04,0.85,261
2023-08-18,M4,19.67,2.79,287
2023-08-18,M5,13.88,2.89,331
2023-08-18,M6,13.83,1.36,391
2023-08-19,M1,10.59,1.51,164
2023-08-19,M2,15.52,1.45,210
2023-08-19,M3,8.54,1.46,255
2023-08-19,M4,18.12,2.74,287
2023-08-19,M5,14.0,2.68,333
2023-08-19,M6,11.3,1.57,389
2023-08-20,M1,13.23,1.96,200
2023-08-20,M2,15.19,1.43,260
2023-08-20,M3,8.18,0.67,323
2023-08-20,M4,17.78,2.71,357
2023-08-20,M5,12.2,2.84,411
2023-08-20,M6,14.92,2.09,474
2023-08-21,M1,13.42,1.74,202
2023-08-21,M2,16.84,1.2,263
2023-08-21,M3,11.81,1.49,315
2023-08-21,M4,18.85,3.48,350
2023-08-21,M5,14.28,2.26,417
2023-08-21,M6,12.75,1.89,476
2023-08-22,M1,10.29,2.12,198
2023-08-22,M2,16.92,1.19,263
2023-08-22,M3,11.17,1.41,315
2023-08-22,M4,19.77,3.46,350
2023-08-22,M5,14.09,2.98,410
2023-08-22,M6,14.03,1.46,480
2023-08-23,M1,11.91,2.22,197
2023-08-23,M2,13.99,1.64,258
2023-08-23,M3,10.67,0.66,323
2023-08-23,M4,18.26,3.27,352
2023-08-23,M5,14.0,2.01,419
2023-08-23,M6,11.04,1.66,478
2023-08-24,M1,13.7,1.73,202
2023-08-24,M2,15.54,1.22,262
2023-08-24,M3,9.29,1.35,316
2023-08-24,M4,18.92,2.6,359
2023-08-24,M5,13.71,2.03,419
2023-08-24,M6,12.92,1.96,475
2023-08-25,M1,10.47,1.79,162
2023-08-25,M2,14.59,1.92,205
2023-08-25,M3,11.97,0.54,264
2023-08-25,M4,19.04,2.87,286
2023-08-25,M5,13.57,2.75,332
2023-08-25,M6,14.67,2.25,382
2023-08-26,M1,12.31,1.86,161
2023-08-26,M2,16.15,1.25,212
2023-08-26,M3,10.26,0.86,261
2023-08-26,M4,18.63,2.74,287
2023-08-26,M5,12.77,2.92,330
2023-08-26,M6,11.41,1.81,386
2023-08-27,M1,10.88,1.54,204
2023-08-27,M2,13.14,1.18,263
2023-08-27,M3,11.47,0.78,322
2023-08-27,M4,19.8,3.08,354
2023-08-27,M5,13.75,2.58,414
2023-08-27,M6,13.07,2.06,474
2023-08-28,M1,11.13,1.85,201
2023-08-28,M2,16.58,1.95,255
2023-08-28,M3,11.57,0.92,320
2023-08-28,M4,19.12,2.98,355
2023-08-28,M5,13.99,2.2,417
2023-08-28,M6,13.36,1.49,480
2023-08-29,M1,11.33,2.36,196
2023-08-29,M2,13.83,1.07,264
2023-08-29,M3,8.28,1.44,315
2023-08-29,M4,18.03,2.91,355
2023-08-29,M5,15.24,2.84,411
2023-08-29,M6,12.33,1.99,475
2023-08-30,M1,13.08,2.15,198
2023-08-30,M2,13.61,1.88,256
2023-08-30,M3,10.16,0.78,322
2023-08-30,M4,17.7,2.54,359
2023-08-30,M5,12.51,2.77,412
2023-08-30,M6,11.0,1.72,477
2023-08-31,M1,12.09,1.55,204
2023-08-31,M2,16.89,1.23,262
2023-08-31,M3,9.22,0.8,321
2023-08-31,M4,16.92,2.5,359
2023-08-31,M5,14.92,2.97,410
2023-08-31,M6,11.9,1.96,475
2023-09-01,M1,12.97,2.35,156
2023-09-01,M2,14.69,1.3,211
2023-09-01,M3,9.3,1.21,257
2023-09-01,M4,19.27,2.68,288
2023-09-01,M5,13.48,2.9,330
2023-09-01,M6,14.23,2.28,382
2023-09-02,M1,13.02,1.89,161
2023-09-02,M2,15.36,1.66,208
2023-09-02,M3,8.31,1.04,259
2023-09-02,M4,18.84,2.67,288
2023-09-02,M5,15.12,2.58,334
2023-09-02,M6,14.81,1.34,391
2023-09-03,M1,11.06,2.1,198
2023-09-03,M2,14.19,1.71,257
2023-09-03,M3,11.04,0.6,323
2023-09-03,M4,18.06,3.01,354
2023-09-03,M5,13.48,2.93,410
2023-09-03,M6,14.31,2.0,475
2023-09-04,M1,12.86,1.96,200
2023-09-04,M2,16.68,1.69,258
2023-09-04,M3,10.92,1.36,316
2023-09-04,M4,17.1,3.31,351
2023-09-04,M5,12.78,2.35,416
2023-09-04,M6,12.34,2.28,472
2023-09-05,M1,13.43,2.2,197
2023-09-05,M2,15.91,1.56,259
2023-09-05,M3,11.79,1.0,320
2023-09-05,M4,17.52,2.66,358
2023-09-05,M5,15.14,2.73,412
2023-09-05,M6,12.54,1.33,481
2023-09-06,M1,13.36,1.51,204
2023-09-06,M2,15.81,1.97,255
2023-09-06,M3,9.75,0.73,322
2023-09-06,M4,18.82,3.32,351
2023-09-06,M5,14.19,2.97,410
2023-09-06,M6,11.21,1.8,476
2023-09-07,M1,12.87,2.36,196
2023-09-07,M2,13.72,1.8,256
2023-09-07,M3,10.21,0.9,321
2023-09-07,M4,16.53,3.37,351
2023-09-07,M5,12.63,2.31,416
2023-09-07,M6,12.16,2.17,473
2023-09-08,M1,12.69,2.3,157
2023-09-08,M2,14.0,1.62,208
2023-09-08,M3,10.29,1.33,256
2023-09-08,M4,19.62,2.51,289
2023-09-08,M5,14.7,2.05,339
2023-09-08,M6,13.2,1.59,389
2023-09-09,M1,11.23,1.85,161
2023-09-09,M2,15.49,1.33,211
2023-09-09,M3,10.93,0.9,260
2023-09-09,M4,16.27,3.28,282
2023-09-09,M5,13.14,2.43,335
2023-09-09,M6,13.74,1.63,388
2023-09-10,M1,10.23,1.87,201
2023-09-10,M2,16.78,1.64,258
2023-09-10,M3,10.69,1.13,318
2023-09-10,M4,16.8,2.92,355
2023-09-10,M5,15.0,2.1,418
2023-09-10,M6,12.11,1.58,479
2023-09-11,M1,11.73,2.48,195
2023-09-11,M2,13.27,1.52,259
2023-09-11,M3,8.72,1.47,315
2023-09-11,M4,16.45,2.9,355
2023-09-11,M5,14.95,2.7,412
2023-09-11,M6,12.69,1.65,478
2023-09-12,M1,11.59,1.76,202
2023-09-12,M2,13.82,1.48,260
2023-09-12,M3,9.07,0.79,322
2023-09-12,M4,18.63,3.47,350
2023-09-12,M5,14.41,2.08,419
2023-09-12,M6,11.3,2.25,472
2023-09-13,M1,11.19,1.59,204
2023-09-13,M2,15.4,1.62,258
2023-09-13,M3,10.59,0.77,322
2023-09-13,M4,16.06,3.47,350
2023-09-13,M5,13.0,2.68,413
2023-09-13,M6,13.83,1.91,475
2023-09-14,M1,11.25,1.77,202
2023-09-14,M2,15.39,1.87,256
2023-09-14,M3,11.79,0.61,323
2023-09-14,M4,16.62,3.44,350
2023-09-14,M5,14.95,2.88,411
2023-09-14,M6,11.81,1.89,476
2023-09-15,M1,12.8,2.18,158
2023-09-15,M2,14.63,1.02,214
2023-09-15,M3,10.33,0.75,262
2023-09-15,M4,17.8,3.46,280
2023-09-15,M5,13.6,2.84,331
2023-09-15,M6,11.75,1.97,385
2023-09-16,M1,13.91,1.6,163
2023-09-16,M2,13.03,1.43,210
2023-09-16,M3,8.37,1.25,257
2023-09-16,M4,19.66,2.93,285
2023-09-16,M5,13.03,2.43,335
2023-09-16,M6,13.89,1.31,391
2023-09-17,M1,12.36,2.11,198
2023-09-17,M2,15.55,1.24,262
2023-09-17,M3,10.86,0.59,324
2023-09-17,M4,16.8,3.38,351
2023-09-17,M5,14.95,2.01,419
2023-09-17,M6,11.99,1.51,479
2023-09-18,M1,11.08,1.75,202
2023-09-18,M2,13.25,1.46,260
2023-09-18,M3,10.93,1.11,318
2023-09-18,M4,18.69,2.58,359
2023-09-18,M5,15.81,2.84,411
2023-09-18,M6,14.22,2.12,473
2023-09-19,M1,13.73,2.04,199
2023-09-19,M2,13.8,1.62,258
2023-09-19,M3,10.97,1.24,317
2023-09-19,M4,18.09,2.57,359
2023-09-19,M5,13.48,2.92,410
2023-09-19,M6,13.34,1.84,476
2023-09-20,M1,11.08,1.87,201
2023-09-20,M2,16.58,1.67,258
2023-09-20,M3,11.15,0.95,320
2023-09-20,M4,18.52,2.75,357
2023-09-20,M5,14.82,2.43,415
2023-09-20,M6,12.77,1.95,475
2023-09-21,M1,13.75,1.56,204
2023-09-21,M2,16.3,1.29,262
2023-09-21,M3,9.78,0.52,324
2023-09-21,M4,17.2,3.0,354
2023-09-21,M5,12.22,2.49,415
2023-09-21,M6,14.71,1.41,480
2023-09-22,M1,13.06,1.91,160
2023-09-22,M2,15.62,1.26,212
2023-09-22,M3,8.64,0.66,263
2023-09-22,M4,16.28,2.69,288
2023-09-22,M5,14.66,2.88,331
2023-09-22,M6,14.26,1.99,385
2023-09-23,M1,10.44,1.79,162
2023-09-23,M2,14.24,1.25,212
2023-09-23,M3,10.06,1.04,259
2023-09-23,M4,17.43,2.85,286
2023-09-23,M5,15.31,2.79,332
2023-09-23,M6,12.23,2.21,382
2023-09-24,M1,13.81,1.83,201
2023-09-24,M2,14.42,1.51,259
2023-09-24,M3,11.76,1.38,316
2023-09-24,M4,16.41,2.89,356
2023-09-24,M5,14.21,2.5,414
2023-09-24,M6,11.78,2.16,473
2023-09-25,M1,12.71,2.34,196
2023-09-25,M2,16.44,1.75,257
2023-09-25,M3,9.76,1.11,318
2023-09-25,M4,16.64,3.17,353
2023-09-25,M5,12.72,2.69,413
2023-09-25,M6,11.92,1.42,480
2023-09-26,M1,10.66,1.5,204
2023-09-26,M2,15.87,1.73,257
2023-09-26,M3,10.06,0.66,323
2023-09-26,M4,16.33,2.52,359
2023-09-26,M5,12.66,2.89,411
2023-09-26,M6,11.97,1.65,478
2023-09-27,M1,10.42,1.72,202
2023-09-27,M2,15.08,1.61,258
2023-09-27,M3,8.98,0.56,324
2023-09-27,M4,17.56,2.73,357
2023-09-27,M5,12.88,2.96,410
2023-09-27,M6,13.47,1.86,476
2023-09-28,M1,11.66,1.93,200
2023-09-28,M2,15.16,1.7,258
2023-09-28,M3,10.81,0.67,323
2023-09-28,M4,18.0,2.91,355
2023-09-28,M5,15.48,2.63,413
2023-09-28,M6,13.13,1.42,480
2023-09-29,M1,12.42,1.62,163
2023-09-29,M2,14.35,1.14,213
2023-09-29,M3,10.77,0.71,262
2023-09-29,M4,17.57,3.4,281
2023-09-29,M5,12.82,2.51,334
2023-09-29,M6,12.68,1.32,391
2023-09-30,M1,13.17,1.57,164
2023-09-30,M2,14.9,1.56,209
2023-09-30,M3,10.51,1.19,258
2023-09-30,M4,17.01,2.51,289
2023-09-30,M5,14.89,2.54,334
2023-09-30,M6,14.34,2.12,383
2023-10-01,M1,13.37,1.99,200
2023-10-01,M2,14.33,1.79,257
2023-10-01,M3,9.81,0.68,323
2023-10-01,M4,19.42,3.38,351
2023-10-01,M5,13.87,2.08,419
2023-10-01,M6,12.55,2.1,473
2023-10-02,M1,13.61,1.7,202
2023-10-02,M2,13.27,1.88,256
2023-10-02,M3,9.56,1.04,319
2023-10-02,M4,19.87,2.57,359
2023-10-02,M5,14.59,2.07,419
2023-10-02,M6,12.5,2.1,473
2023-10-03,M1,11.73,2.5,195
2023-10-03,M2,15.24,1.32,261
2023-10-03,M3,8.88,0.85,321
2023-10-03,M4,17.49,2.57,359
2023-10-03,M5,13.48,2.46,415
2023-10-03,M6,13.89,1.96,475
2023-10-04,M1,12.84,1.51,204
2023-10-04,M2,13.87,1.66,258
2023-10-04,M3,9.94,0.51,324
2023-10-04,M4,19.22,3.27,352
2023-10-04,M5,14.19,2.07,419
2023-10-04,M6,14.07,1.88,476
2023-10-05,M1,13.13,2.25,197
2023-10-05,M2,16.21,1.52,259
2023-10-05,M3,8.56,1.17,318
2023-10-05,M4,18.48,3.24,352
2023-10-05,M5,12.68,2.19,418
2023-10-05,M6,14.56,2.05,474
2023-10-06,M1,13.63,2.26,157
2023-10-06,M2,15.39,1.65,208
2023-10-06,M3,11.56,1.08,259
2023-10-06,M4,18.53,2.66,288
2023-10-06,M5,13.9,2.72,332
2023-10-06,M6,12.08,1.5,389
2023-10-07,M1,11.26,1.74,162
2023-10-07,M2,13.86,1.42,210
2023-10-07,M3,11.63,1.01,259
2023-10-07,M4,16.75,2.58,289
2023-10-07,M5,14.78,2.38,336
2023-10-07,M6,14.29,1.96,385
2023-10-08,M1,13.18,1.77,202
2023-10-08,M2,15.77,1.26,262
2023-10-08,M3,11.76,1.14,318
2023-10-08,M4,17.3,2.77,357
2023-10-08,M5,12.76,2.69,413
2023-10-08,M6,11.87,1.9,476
2023-10-09,M1,11.06,2.16,198
2023-10-09,M2,16.26,1.78,257
2023-10-09,M3,11.04,0.69,323
2023-10-09,M4,16.35,3.2,353
2023-10-09,M5,13.47,2.43,415
2023-10-09,M6,11.12,1.56,479
2023-10-10,M1,10.13,2.38,196
2023-10-10,M2,13.97,1.56,259
2023-10-10,M3,8.16,1.17,318
2023-10-10,M4,17.29,3.4,351
2023-10-10,M5,15.55,2.33,416
2023-10-10,M6,14.6,2.3,472
2023-10-11,M1,13.3,2.34,196
2023-10-11,M2,14.0,1.58,259
2023-10-11,M3,8.27,0.59,324
2023-10-11,M4,20.0,2.83,356
2023-10-11,M5,14.99,2.81,411
2023-10-11,M6,14.43,2.3,472
2023-10-12,M1,10.97,1.54,204
2023-10-12,M2,14.64,1.13,263
2023-10-12,M3,8.09,0.86,321
2023-10-12,M4,19.13,3.07,354
2023-10-12,M5,13.25,2.65,413
2023-10-12,M6,11.93,1.31,481
2023-10-13,M1,13.06,2.12,158
2023-10-13,M2,16.05,1.04,214
2023-10-13,M3,11.35,1.12,258
2023-10-13,M4,18.25,3.12,283
2023-10-13,M5,15.46,2.59,334
2023-10-13,M6,13.32,2.29,382
2023-10-14,M1,13.03,1.94,160
2023-10-14,M2,15.83,1.39,211
2023-10-14,M3,8.92,1.1,259
2023-10-14,M4,19.71,3.43,280
2023-10-14,M5,13.37,2.53,334
2023-10-14,M6,11.85,2.3,382
2023-10-15,M1,13.92,2.15,198
2023-10-15,M2,16.22,1.72,257
2023-10-15,M3,10.37,0.55,324
2023-10-15,M4,17.82,3.17,353
2023-10-15,M5,14.71,2.37,416
2023-10-15,M6,14.77,1.47,480
2023-10-16,M1,12.0,2.19,198
2023-10-16,M2,15.79,1.65,258
2023-10-16,M3,9.1,0.66,323
2023-10-16,M4,18.54,3.1,354
2023-10-16,M5,12.72,2.71,412
2023-10-16,M6,12.82,1.97,475
2023-10-17,M1,13.35,1.67,203
2023-10-17,M2,13.08,1.78,257
2023-10-17,M3,10.44,1.2,318
2023-10-17,M4,19.35,3.3,351
2023-10-17,M5,15.84,2.54,414
2023-10-17,M6,12.95,1.7,477
2023-10-18,M1,10.61,2.07,199
2023-10-18,M2,14.11,1.92,255
2023-10-18,M3,10.33,1.09,319
2023-10-18,M4,17.42,2.55,359
2023-10-18,M5,12.13,2.42,415
2023-10-18,M6,11.34,1.91,475
2023-10-19,M1,13.52,2.38,196
2023-10-19,M2,15.64,1.21,262
2023-10-19,M3,11.45,1.39,316
2023-10-19,M4,16.79,3.24,352
2023-10-19,M5,13.15,2.8,411
2023-10-19,M6,14.99,1.33,481
2023-10-20,M1,13.59,2.12,158
2023-10-20,M2,16.89,1.47,210
2023-10-20,M3,11.39,0.56,264
2023-10-20,M4,17.34,2.57,289
2023-10-20,M5,15.9,2.82,331
2023-10-20,M6,14.41,2.24,382
2023-10-21,M1,10.34,1.89,161
2023-10-21,M2,13.28,1.21,212
2023-10-21,M3,8.92,0.97,260
2023-10-21,M4,17.07,2.6,288
2023-10-21,M5,12.67,2.15,338
2023-10-21,M6,14.89,2.06,384
2023-10-22,M1,13.87,1.94,200
2023-10-22,M2,14.11,1.8,257
2023-10-22,M3,9.31,0.8,322
2023-10-22,M4,16.93,2.63,358
2023-10-22,M5,13.03,2.36,416
2023-10-22,M6,13.7,1.36,481
2023-10-23,M1,10.84,2.31,196
2023-10-23,M2,13.59,1.34,261
2023-10-23,M3,11.46,0.65,323
2023-10-23,M4,16.33,2.98,355
2023-10-23,M5,13.21,2.56,414
2023-10-23,M6,14.22,1.44,480
2023-10-24,M1,12.32,2.01,199
2023-10-24,M2,13.58,1.62,258
2023-10-24,M3,9.09,0.99,320
2023-10-24,M4,16.33,2.96,355
2023-10-24,M5,13.23,2.82,411
2023-10-24,M6,11.23,1.72,477
2023-10-25,M1,11.83,2.23,197
2023-10-25,M2,15.3,1.67,258
2023-10-25,M3,11.11,1.36,316
2023-10-25,M4,17.26,3.04,354
2023-10-25,M5,15.36,2.99,410
2023-10-25,M6,14.56,1.67,478
2023-10-26,M1,10.78,1.99,200
2023-10-26,M2,15.97,1.49,260
2023-10-26,M3,9.93,1.34,316
2023-10-26,M4,17.45,3.36,351
2023-10-26,M5,13.63,2.33,416
2023-10-26,M6,12.82,2.06,474
2023-10-27,M1,10.5,1.7,163
2023-10-27,M2,16.81,1.18,213
2023-10-27,M3,10.27,1.08,259
2023-10-27,M4,17.96,3.14,283
2023-10-27,M5,12.92,2.55,334
2023-10-27,M6,12.49,1.96,385
2023-10-28,M1,10.56,2.07,159
2023-10-28,M2,13.74,1.28,212
2023-10-28,M3,8.87,0.68,263
2023-10-28,M4,19.3,2.79,287
2023-10-28,M5,15.71,2.97,330
2023-10-28,M6,13.29,1.44,390
2023-10-29,M1,11.5,2.3,197
2023-10-29,M2,14.47,1.09,264
2023-10-29,M3,10.23,1.35,316
2023-10-29,M4,19.18,2.68,358
2023-10-29,M5,14.69,2.22,417
2023-10-29,M6,11.87,2.17,473
2023-10-30,M1,11.0,1.76,202
2023-10-30,M2,13.0,1.87,256
2023-10-30,M3,11.17,1.13,318
2023-10-30,M4,19.0,2.65,358
2023-10-30,M5,13.83,2.35,416
2023-10-30,M6,11.38,1.79,477
2023-10-31,M1,13.68,1.54,204
2023-10-31,M2,14.17,1.21,262
2023-10-31,M3,8.95,1.41,315
2023-10-31,M4,17.87,2.97,355
2023-10-31,M5,15.04,2.15,418
2023-10-31,M6,12.95,1.73,477
2023-11-01,M1,12.39,2.5,195
2023-11-01,M2,16.08,1.4,261
2023-11-01,M3,11.31,0.67,323
2023-11-01,M4,16.12,2.7,357
2023-11-01,M5,13.36,2.51,414
2023-11-01,M6,13.46,2.21,472
2023-11-02,M1,12.04,2.0,199
2023-11-02,M2,13.2,1.03,264
2023-11-02,M3,10.2,0.94,320
2023-11-02,M4,19.36,2.66,358
2023-11-02,M5,12.1,2.45,415
2023-11-02,M6,11.95,1.35,481
2023-11-03,M1,12.9,1.61,163
2023-11-03,M2,15.43,1.28,212
2023-11-03,M3,8.69,0.88,261
2023-11-03,M4,19.21,2.89,286
2023-11-03,M5,15.0,2.13,338
2023-11-03,M6,14.09,1.54,389
2023-11-04,M1,12.71,2.07,159
2023-11-04,M2,16.72,1.39,211
2023-11-04,M3,8.26,0.52,264
2023-11-04,M4,19.31,3.02,284
2023-11-04,M5,15.1,2.23,337
2023-11-04,M6,12.38,1.33,391
2023-11-05,M1,13.85,2.17,198
2023-11-05,M2,16.73,1.27,262
2023-11-05,M3,10.45,1.18,318
2023-11-05,M4,17.27,3.35,351
2023-11-05,M5,15.79,2.88,411
2023-11-05,M6,13.96,1.58,479
2023-11-06,M1,11.13,2.46,195
2023-11-06,M2,13.04,1.72,257
2023-11-06,M3,10.82,1.12,318
2023-11-06,M4,19.96,2.81,356
2023-11-06,M5,13.36,2.08,419
2023-11-06,M6,12.77,1.56,479
2023-11-07,M1,11.37,2.33,196
2023-11-07,M2,16.74,1.19,263
2023-11-07,M3,9.49,1.43,315
2023-11-07,M4,16.25,2.59,359
2023-11-07,M5,12.65,2.6,414
2023-11-07,M6,11.6,2.27,472
2023-11-08,M1,11.79,2.0,199
2023-11-08,M2,13.99,1.47,260
2023-11-08,M3,10.65,1.25,317
2023-11-08,M4,19.02,3.08,354
2023-11-08,M5,15.62,2.82,411
2023-11-08,M6,14.03,1.36,481
2023-11-09,M1,10.03,1.71,202
2023-11-09,M2,15.65,1.41,260
2023-11-09,M3,9.61,1.38,316
2023-11-09,M4,19.58,3.41,350
2023-11-09,M5,13.26,2.69,413
2023-11-09,M6,12.09,1.49,480
2023-11-10,M1,10.74,1.84,161
2023-11-10,M2,14.72,1.83,206
2023-11-10,M3,8.48,1.23,257
2023-11-10,M4,18.13,2.79,287
2023-11-10,M5,13.97,2.3,337
2023-11-10,M6,13.38,1.73,387
2023-11-11,M1,10.66,1.62,163
2023-11-11,M2,15.19,1.9,205
2023-11-11,M3,9.38,1.23,257
2023-11-11,M4,18.63,3.43,280
2023-11-11,M5,15.28,2.57,334
2023-11-11,M6,13.63,2.2,383
2023-11-12,M1,11.6,1.83,201
2023-11-12,M2,13.04,1.83,256
2023-11-12,M3,11.2,0.6,323
2023-11-12,M4,18.31,2.96,355
2023-11-12,M5,12.47,2.98,410
2023-11-12,M6,11.86,1.37,481
2023-11-13,M1,12.38,2.24,197
2023-11-13,M2,13.13,1.66,258
2023-11-13,M3,10.13,0.6,323
2023-11-13,M4,16.69,3.07,354
2023-11-13,M5,13.19,2.94,410
2023-11-13,M6,14.27,2.28,472
2023-11-14,M1,11.04,2.47,195
2023-11-14,M2,14.72,1.35,261
2023-11-14,M3,8.2,0.55,324
2023-11-14,M4,18.77,2.96,355
2023-11-14,M5,12.91,2.61,413
2023-11-14,M6,12.01,1.88,476
2023-11-15,M1,11.44,2.32,196
2023-11-15,M2,16.28,1.48,260
2023-11-15,M3,9.4,0.86,321
2023-11-15,M4,19.22,2.83,356
2023-11-15,M5,12.84,2.08,419
2023-11-15,M6,12.87,1.78,477
2023-11-16,M1,13.36,1.72,202
2023-11-16,M2,14.52,1.81,256
2023-11-16,M3,11.29,0.88,321
2023-11-16,M4,17.84,2.8,356
2023-11-16,M5,15.73,2.12,418
2023-11-16,M6,14.73,1.98,475
2023-11-17,M1,12.13,1.53,164
2023-11-17,M2,14.9,1.41,210
2023-11-17,M3,8.64,1.16,258
2023-11-17,M4,19.88,3.06,284
2023-11-17,M5,14.86,2.07,339
2023-11-17,M6,12.67,1.42,390
2023-11-18,M1,12.45,2.44,155
2023-11-18,M2,15.65,1.08,214
2023-11-18,M3,9.42,1.05,259
2023-11-18,M4,17.61,3.33,281
2023-11-18,M5,15.26,2.61,333
2023-11-18,M6,12.49,1.56,389
2023-11-19,M1,10.42,1.85,201
2023-11-19,M2,14.65,1.68,258
2023-11-19,M3,10.63,0.57,324
2023-11-19,M4,17.58,2.68,358
2023-11-19,M5,12.63,2.83,411
2023-11-19,M6,11.17,1.72,477
2023-11-20,M1,10.67,2.38,196
2023-11-20,M2,15.23,1.23,262
2023-11-20,M3,10.01,1.23,317
2023-11-20,M4,19.83,2.72,357
2023-11-20,M5,15.54,2.93,410
2023-11-20,M6,14.67,1.94,475
2023-11-21,M1,12.52,1.9,200
2023-11-21,M2,16.01,1.53,259
2023-11-21,M3,10.71,0.93,320
2023-11-21,M4,18.93,3.32,351
2023-11-21,M5,12.59,2.83,411
2023-11-21,M6,13.16,2.14,473
2023-11-22,M1,11.73,1.88,201
2023-11-22,M2,16.66,1.25,262
2023-11-22,M3,11.38,0.98,320
2023-11-22,M4,18.06,2.81,356
2023-11-22,M5,14.29,2.33,416
2023-11-22,M6,11.16,1.57,479
2023-11-23,M1,10.03,2.48,195
2023-11-23,M2,16.86,1.4,261
2023-11-23,M3,10.91,0.85,321
2023-11-23,M4,18.68,3.31,351
2023-11-23,M5,15.79,2.4,415
2023-11-23,M6,14.13,1.57,479
2023-11-24,M1,13.96,1.53,164
2023-11-24,M2,15.41,1.66,208
2023-11-24,M3,10.75,0.62,263
2023-11-24,M4,19.75,2.68,288
2023-11-24,M5,14.49,2.22,337
2023-11-24,M6,12.23,1.85,386
2023-11-25,M1,11.67,1.66,163
2023-11-25,M2,13.68,1.42,210
2023-11-25,M3,11.03,1.4,256
2023-11-25,M4,16.34,2.89,286
2023-11-25,M5,12.4,2.02,339
2023-11-25,M6,13.65,1.9,385
2023-11-26,M1,10.65,1.73,202
2023-11-26,M2,13.09,1.83,256
2023-11-26,M3,11.9,0.64,323
2023-11-26,M4,16.93,3.37,351
2023-11-26,M5,15.71,2.42,415
2023-11-26,M6,11.2,1.34,481
2023-11-27,M1,12.3,1.89,201
2023-11-27,M2,13.11,1.58,259
2023-11-27,M3,8.05,1.29,317
2023-11-27,M4,17.23,2.54,359
2023-11-27,M5,14.35,2.4,416
2023-11-27,M6,14.9,1.84,476
2023-11-28,M1,11.1,2.21,197
2023-11-28,M2,14.09,1.9,255
2023-11-28,M3,9.5,1.05,319
2023-11-28,M4,16.2,2.93,355
2023-11-28,M5,15.33,2.81,411
2023-11-28,M6,11.9,1.53,479
2023-11-29,M1,13.27,2.43,195
2023-11-29,M2,13.38,1.45,260
2023-11-29,M3,9.35,1.37,316
2023-11-29,M4,16.33,2.71,357
2023-11-29,M5,15.01,2.05,419
2023-11-29,M6,12.97,1.74,477
2023-11-30,M1,11.34,1.89,201
2023-11-30,M2,15.12,1.16,263
2023-11-30,M3,10.29,1.31,316
2023-11-30,M4,19.04,2.65,358
2023-11-30,M5,12.6,2.27,417
2023-11-30,M6,12.44,1.71,477
2023-12-01,M1,12.72,1.56,164
2023-12-01,M2,13.14,1.39,211
2023-12-01,M3,10.79,0.69,263
2023-12-01,M4,18.57,2.76,287
2023-12-01,M5,15.54,2.9,331
2023-12-01,M6,12.19,1.53,389
2023-12-02,M1,11.65,1.74,162
2023-12-02,M2,15.69,1.83,206
2023-12-02,M3,10.69,1.32,256
2023-12-02,M4,17.59,2.66,288
2023-12-02,M5,14.95,2.36,336
2023-12-02,M6,13.69,1.57,389
2023-12-03,M1,10.32,2.49,195
2023-12-03,M2,13.62,1.99,255
2023-12-03,M3,11.91,1.29,317
2023-12-03,M4,18.64,3.08,354
2023-12-03,M5,15.46,2.29,417
2023-12-03,M6,12.87,1.92,475
2023-12-04,M1,11.64,1.93,200
2023-12-04,M2,14.32,1.56,259
2023-12-04,M3,11.4,0.7,322
2023-12-04,M4,19.74,3.19,353
2023-12-04,M5,15.29,2.56,414
2023-12-04,M6,14.12,1.32,481
2023-12-05,M1,13.27,1.54,204
2023-12-05,M2,16.56,1.99,255
2023-12-05,M3,9.18,0.71,322
2023-12-05,M4,19.06,2.75,357
2023-12-05,M5,15.46,2.1,418
2023-12-05,M6,11.5,2.28,472
2023-12-06,M1,12.7,2.35,196
2023-12-06,M2,14.3,1.68,258
2023-12-06,M3,10.38,1.1,318
2023-12-06,M4,18.73,3.08,354
2023-12-06,M5,13.72,2.28,417
2023-12-06,M6,14.07,1.53,479
2023-12-07,M1,12.77,1.73,202
2023-12-07,M2,15.5,1.75,257
2023-12-07,M3,8.87,0.56,324
2023-12-07,M4,16.52,3.11,353
2023-12-07,M5,15.4,2.04,419
2023-12-07,M6,13.94,1.64,478
2023-12-08,M1,11.91,2.43,155
2023-12-08,M2,14.33,1.47,210
2023-12-08,M3,8.05,0.58,264
2023-12-08,M4,17.03,2.53,289
2023-12-08,M5,14.53,2.43,335
2023-12-08,M6,13.19,1.47,390
2023-12-09,M1,11.18,2.16,158
2023-12-09,M2,16.86,1.05,214
2023-12-09,M3,11.56,1.08,259
2023-12-09,M4,18.26,3.0,284
2023-12-09,M5,12.28,2.09,339
2023-12-09,M6,13.4,1.64,388
2023-12-10,M1,13.67,1.91,200
2023-12-10,M2,13.57,1.71,257
2023-12-10,M3,9.17,1.03,319
2023-12-10,M4,18.79,3.4,350
2023-12-10,M5,15.17,2.68,413
2023-12-10,M6,13.72,2.25,472
2023-12-11,M1,11.18,1.5,204
2023-12-11,M2,14.09,1.22,262
2023-12-11,M3,10.65,1.13,318
2023-12-11,M4,18.37,2.52,359
2023-12-11,M5,14.92,2.32,416
2023-12-11,M6,13.66,1.86,476
2023-12-12,M1,11.37,1.63,203
2023-12-12,M2,13.38,1.83,256
2023-12-12,M3,11.67,1.15,318
2023-12-12,M4,16.41,2.9,355
2023-12-12,M5,14.92,2.78,412
2023-12-12,M6,11.47,1.3,481
2023-12-13,M1,12.85,1.86,201
2023-12-13,M2,14.02,1.01,264
2023-12-13,M3,10.16,1.35,316
2023-12-13,M4,19.83,3.07,354
2023-12-13,M5,14.06,2.09,419
2023-12-13,M6,13.2,1.68,478
2023-12-14,M1,12.43,1.89,201
2023-12-14,M2,13.96,1.09,264
2023-12-14,M3,9.26,0.6,324
2023-12-14,M4,16.71,3.49,350
2023-12-14,M5,13.78,2.53,414
2023-12-14,M6,14.49,2.3,472
2023-12-15,M1,12.33,2.31,156
2023-12-15,M2,14.31,1.31,211
2023-12-15,M3,9.61,1.17,258
2023-12-15,M4,18.73,2.82,286
2023-12-15,M5,12.53,2.63,333
2023-12-15,M6,11.51,1.88,386
2023-12-16,M1,12.77,2.2,157
2023-12-16,M2,16.01,1.87,206
2023-12-16,M3,10.0,1.23,257
2023-12-16,M4,18.48,2.69,288
2023-12-16,M5,12.1,2.28,337
2023-12-16,M6,12.77,1.92,385
2023-12-17,M1,13.4,1.7,203
2023-12-17,M2,13.5,1.96,255
2023-12-17,M3,8.43,0.98,320
2023-12-17,M4,18.34,3.04,354
2023-12-17,M5,12.34,2.06,419
2023-12-17,M6,11.42,1.89,476
2023-12-18,M1,12.18,1.73,202
2023-12-18,M2,15.55,1.82,256
2023-12-18,M3,8.17,1.0,320
2023-12-18,M4,18.76,2.75,357
2023-12-18,M5,13.23,2.61,413
2023-12-18,M6,14.59,2.11,473
2023-12-19,M1,12.33,2.23,197
2023-12-19,M2,14.46,1.64,258
2023-12-19,M3,9.86,0.69,323
2023-12-19,M4,18.81,3.06,354
2023-12-19,M5,13.43,2.91,410
2023-12-19,M6,11.08,1.62,478
2023-12-20,M1,10.23,2.27,197
2023-12-20,M2,15.81,1.33,261
2023-12-20,M3,10.7,0.9,321
2023-12-20,M4,19.03,2.95,355
2023-12-20,M5,13.65,2.93,410
2023-12-20,M6,12.0,1.42,480
2023-12-21,M1,12.34,2.47,195
2023-12-21,M2,14.51,1.06,264
2023-12-21,M3,9.36,1.01,319
2023-12-21,M4,16.65,3.16,353
2023-12-21,M5,15.99,2.45,415
2023-12-21,M6,12.42,1.7,477
2023-12-22,M1,10.46,2.38,156
2023-12-22,M2,14.66,1.39,211
2023-12-22,M3,10.64,0.94,260
2023-12-22,M4,18.59,2.56,289
2023-12-22,M5,15.25,2.94,330
2023-12-22,M6,13.6,2.25,382
2023-12-23,M1,10.61,1.98,160
2023-12-23,M2,15.41,1.58,209
2023-12-23,M3,9.61,0.84,261
2023-12-23,M4,16.51,2.89,286
2023-12-23,M5,12.65,2.73,332
2023-12-23,M6,11.84,1.36,391
2023-12-24,M1,12.21,2.1,199
2023-12-24,M2,16.49,1.58,259
2023-12-24,M3,9.38,1.3,316
2023-12-24,M4,18.16,2.58,359
2023-12-24,M5,14.26,2.91,410
2023-12-24,M6,12.59,1.6,479
2023-12-25,M1,10.57,1.65,203
2023-12-25,M2,14.73,1.6,259
2023-12-25,M3,8.32,1.44,315
2023-12-25,M4,19.02,3.09,354
2023-12-25,M5,15.31,2.08,419
2023-12-25,M6,12.91,1.93,475
2023-12-26,M1,13.31,2.28,197
2023-12-26,M2,14.11,1.94,255
2023-12-26,M3,8.5,1.38,316
2023-12-26,M4,19.88,2.68,358
2023-12-26,M5,14.89,2.04,419
2023-12-26,M6,12.62,1.82,476
2023-12-27,M1,12.32,2.44,195
2023-12-27,M2,15.69,1.48,260
2023-12-27,M3,11.24,1.45,315
2023-12-27,M4,16.09,3.48,350
2023-12-27,M5,12.34,2.81,411
2023-12-27,M6,12.12,1.43,480
2023-12-28,M1,11.76,2.14,198
2023-12-28,M2,14.52,1.05,264
2023-12-28,M3,10.4,1.4,315
2023-12-28,M4,17.53,2.72,357
2023-12-28,M5,13.77,2.05,419
2023-12-28,M6,14.28,2.13,473
2023-12-29,M1,12.35,1.85,161
2023-12-29,M2,16.2,1.55,209
2023-12-29,M3,11.3,1.13,258
2023-12-29,M4,19.14,3.1,284
2023-12-29,M5,13.66,2.96,330
2023-12-29,M6,13.16,1.91,385
2023-12-30,M1,10.88,2.13,158
2023-12-30,M2,15.29,1.18,213
2023-12-30,M3,8.24,1.1,258
2023-12-30,M4,19.05,3.02,284
2023-12-30,M5,12.91,2.67,333
2023-12-30,M6,11.32,1.74,387
2023-12-31,M1,10.65,1.68,203
2023-12-31,M2,13.81,1.39,261
2023-12-31,M3,8.2,0.9,321
2023-12-31,M4,18.05,2.98,355
2023-12-31,M5,13.53,2.84,411
2023-12-31,M6,11.58,1.81,476
